1729.8,6736.76,NA,47,Atp6v0e2
1818.44,6713.16,NA,47,Atp6v0e2
1739,6714.32,NA,47,Atp6v0e2
1711.24,6769.64,NA,47,Pclo
1856.12,6875.8,NA,47,Pclo
1655.84,6730.96,NA,47,Srrm1
1663.48,6728.04,NA,47,Mapk8ip3
1639.76,6700.68,NA,47,Mapk8ip3
1997.24,6694.6,NA,47,Csnk2a1
1627.24,6926.56,NA,47,Wbp11
1981.84,6728.88,NA,47,Tanc2
1970.68,6710.76,NA,47,Cadm3
1716.24,7018.4,NA,47,Cadm3
1848.88,6876.16,NA,47,Rgs14
1550.04,6931.24,NA,47,Otub1
1594.6,7055.08,NA,47,Otub1
1569.08,6905.76,NA,47,Rangap1
1725.4,6778.56,NA,47,Rangap1
1645.28,6962.88,NA,47,Rangap1
1703.4,6778.08,NA,47,Dock4
1942.4,6780.88,NA,47,Phactr1
1744.92,6772.96,NA,47,Uba1
1891.76,6782.72,NA,47,Uba1
1746.2,6850.72,NA,47,Uba1
1769.16,6822.48,NA,47,Ptprn2
1951.12,6756.4,NA,47,Ash1l
1854.68,6715.8,NA,47,Mphosph8
1917.48,6758.96,NA,47,Lingo1
1839.36,6657.4,NA,47,Napa
1566.56,6725.56,NA,47,Napa
1699.24,6731.72,NA,47,Napa
1872.84,6704.56,NA,47,Napa
1777.32,6675.76,NA,47,Dctn2
1836.08,6756.36,NA,47,Dnajc5
1738.64,6680.12,NA,47,Dnajc5
1879.44,6752.32,NA,47,Dnajc5
1835.36,6849.88,NA,47,Macf1
1701.64,6733.28,NA,47,Macf1
1844.64,6884.92,NA,47,Macf1
1972.88,6798.2,NA,47,Amph
1784.2,6685.6,NA,47,Amph
1907.24,6833.2,NA,47,Amph
1967.72,6793.84,NA,47,Amph
1874.16,6742.84,NA,47,Kif5a
1733.84,6778.52,NA,47,Kif5a
1609.28,7064.32,NA,47,Kif5a
1615.84,6845.2,NA,47,Kif5a
1566.16,6894.88,NA,47,Kif5a
1616.8,6658.12,NA,47,Kif5a
1717.24,6954.96,NA,47,Kif5a
1628.28,6923.16,NA,47,Kif5a
1578.04,7085.2,NA,47,Kif5a
1785.64,6852.8,NA,47,Kif5a
1564.4,7021.6,NA,47,Kif5a
1705.2,6656.44,NA,47,Kif5a
1559.08,6769.96,NA,47,Kif5a
1811.12,6712.28,NA,47,Kif5a
1609.64,6728.72,NA,47,Stx12
1821.6,6813.32,NA,47,Grin1
1743.16,6710.32,NA,47,Grin1
1807.88,6725.68,NA,47,Grin1
1685,6668.48,NA,47,Ankrd46
1732.44,6753.44,NA,47,Ankrd46
1955.92,6720.84,NA,47,Myo9a
1854.72,6722.28,NA,47,Kcnab2
1553.64,6979.56,NA,47,Kcnab2
1980.6,6805.52,NA,47,Kcnab2
1833.6,6871.36,NA,47,Kcnab2
1811.44,6656.12,NA,47,Kcnab2
1816.48,6699.8,NA,47,Omg
1559.36,6980.44,NA,47,Kcnq2
1684.96,6684.76,NA,47,Ndufs1
1826,6781.8,NA,47,Syngr3
1574.64,6813.92,NA,47,Rbfox2
1928.76,6684,NA,47,Rbfox2
1626.68,6731.4,NA,47,Rbfox2
1972.64,6793.52,NA,47,Gnb5
1771.8,6882.08,NA,47,Gnb5
1910.08,6814.44,NA,47,Scamp1
1891.72,6748.92,NA,47,Prrc2b
1785.52,6661.04,NA,47,Prrc2b
1797.8,6834.24,NA,47,Prrc2b
1693.36,6749.04,NA,47,Prrc2b
1731.12,6742,NA,47,Eef1a2
1893.12,6911.24,NA,47,Eef1a2
1893.2,6683.64,NA,47,Eef1a2
1686.16,7020,NA,47,Eef1a2
1551.24,7015.12,NA,47,Eef1a2
1943.6,6785.88,NA,47,Eef1a2
1773.04,6749.68,NA,47,Eef1a2
1812.88,6694.84,NA,47,Eef1a2
1561.68,6711.84,NA,47,Eef1a2
1921.32,6875.8,NA,47,Eef1a2
1668.12,6798.08,NA,47,Eef1a2
1811.28,6887.76,NA,47,Eef1a2
1737.2,6797.72,NA,47,Eef1a2
1994.76,6738.84,NA,47,Eef1a2
1772.88,6733.32,NA,47,Eef1a2
1667.88,6795.04,NA,47,Eef1a2
1685.36,7023.48,NA,47,Eef1a2
1826.68,6878.84,NA,47,Dnajc7
1724.88,6730.68,NA,47,Rap1gds1
1818.04,6837,NA,47,Slc1a1
1812.96,6884.52,NA,47,Ccdc32
1980.96,6780.08,NA,47,Cdk14
1659.16,6685.56,NA,47,Tpr
1751.64,6739.12,NA,47,Pum1
1809.44,6721.76,NA,47,Pum1
1677.56,6752.64,NA,47,Pum1
1752.6,6740.76,NA,47,Camsap2
1998.24,6796.08,NA,47,R3hdm4
1546.88,7043.2,NA,47,R3hdm4
1923.44,6752.92,NA,47,R3hdm4
2003.84,6803.28,NA,47,R3hdm4
1721.72,6792.64,NA,47,Naa15
1649.2,6675.32,NA,47,Dlgap4
1766.32,6753.52,NA,47,Dlgap4
1876.32,6708.32,NA,47,Hars
1715.48,6737.12,NA,47,Cend1
1964.8,6662.96,NA,47,Cend1
1949.72,6761.88,NA,47,Cend1
1657.24,6763.36,NA,47,Cend1
1915.44,6671.84,NA,47,Cend1
1559.4,7038.72,NA,47,Lynx1
1946.92,6755.48,NA,47,Unc13a
1807.32,6871.2,NA,47,Kif3c
1885.28,6668.44,NA,47,Kif3c
1819.4,6830.24,NA,47,Dync1li2
1639.92,6765.88,NA,47,Dync1li2
1944.72,6828.48,NA,47,Dync1li2
1649.08,6774.04,NA,47,Hnrnph2
1958.56,6777.44,NA,47,Hnrnph2
1771.44,6740.52,NA,47,Tspyl1
1669,6761.6,NA,47,Tspyl1
1655.24,6694.56,NA,47,Tspyl1
1880.4,6760.88,NA,47,Pam
1818.48,6858.76,NA,47,Pam
1911.12,6737.08,NA,47,Pam
1863.44,6876.84,NA,47,Dner
1542.48,6761.68,NA,47,Atp1a1
1717.84,6841.72,NA,47,Brd3
1735.88,6821.44,NA,47,Brd3
1774,6711.24,NA,47,Sphkap
1751.64,6674.32,NA,47,Sphkap
1773.32,6878.36,NA,47,Caln1
1569.32,6815.04,NA,47,Atp6v0a1
2018.12,6721.72,NA,47,Atp6v0a1
1790.32,6862,NA,47,Atp6v0a1
1981.72,6745.84,NA,47,Atp6v0a1
1683.2,6792.76,NA,47,Atp6v0a1
1564.52,6839.64,NA,47,Ppm1k
1739.92,6679.72,NA,47,Ppm1k
1602.16,6718.84,NA,47,Zer1
1587.24,6823.64,NA,47,Camkk2
1578.24,7074,NA,47,Scg3
1926.56,6831.12,NA,47,Scg3
1560.72,6986.36,NA,47,Scg3
1637.64,6757.88,NA,47,Prkaca
1975.16,6703.32,NA,47,Prkaca
1710.8,6675,NA,47,Prkaca
1735.32,6782.84,NA,47,Prkaca
1571.52,6719.88,NA,47,Dlg3
1974.92,6661.36,NA,47,Ildr2
1745,6669.32,NA,47,Ildr2
1678.6,6704.04,NA,47,Nlgn1
1746.76,6682.2,NA,47,Ylpm1
2045.84,6668,NA,47,Clip3
1723.88,6796.16,NA,47,Clip3
1925.2,6803.92,NA,47,Clip3
1621.68,6715.24,NA,47,Clip3
1825.36,6703.64,NA,47,Clip3
1544.32,6850.92,NA,47,Clip3
1598.04,6698.24,NA,47,Clip3
1721.72,6695.2,NA,47,Gprasp2
1705,6721.8,NA,47,Mprip
1621.04,6811.32,NA,47,Mprip
1997,6782.56,NA,47,Mprip
1799.64,6866.04,NA,47,Mprip
1756.64,6686.24,NA,47,Mprip
1781.08,6683.92,NA,47,Mprip
1848.32,6660,NA,47,Chchd10
1541.88,6928.52,NA,47,Brd4
1798.8,6749.76,NA,47,Brd4
1554.28,6977.72,NA,47,Brd4
1830.96,6752.32,NA,47,Mical2
1736.76,6670.76,NA,47,Mical2
1559.12,6913.56,NA,47,Snph
1966.28,6707.92,NA,47,Snph
1717.68,6658.68,NA,47,Snph
1553.2,6844.2,NA,47,Snph
1536.8,6898.6,NA,47,Tef
1973.28,6749.84,NA,47,Tef
1813.36,6851.48,NA,47,Tef
1810.04,6848.24,NA,47,Tef
1664.8,6734.36,NA,47,Arhgap32
1872.88,6720.52,NA,47,Arhgap32
1777.6,6779.56,NA,47,Gas7
1904.96,6831.48,NA,47,Gas7
1864.96,6882.16,NA,47,Sdf2
1681.48,6811.08,NA,47,Nap1l2
1760.24,6688.36,NA,47,Mapk8
1690.56,6723.12,NA,47,Pgbd5
1774.64,6805.88,NA,47,Pgbd5
1890.72,6780.4,NA,47,Pgbd5
1771.88,6758.44,NA,47,Gps1
1911.64,6708.84,NA,47,Gps1
2002.44,6711.64,NA,47,Por
1563.48,6805,NA,47,Por
1786.44,6865.64,NA,47,Arpc4
1717.32,6694.48,NA,47,Arpc4
1668.24,6754.68,NA,47,Hspa13
1743.16,6687.32,NA,47,Cap1
1651.92,6962.04,NA,47,Cap1
1877.16,6758.76,NA,47,Arid4b
1555.44,7017.88,NA,47,Mfn2
1749.48,6703.72,NA,47,Mfn2
1546.04,6841.24,NA,47,Mfn2
1704.2,6815.04,NA,47,Mfn2
1629.64,6760.68,NA,47,Mfn2
1537.92,6785.6,NA,47,Mfn2
1582.52,7073.36,NA,47,Pbrm1
1993.8,6731.08,NA,47,Dcaf7
1622.12,6716.48,NA,47,Dcaf7
1824.84,6688.68,NA,47,Dcaf7
1623.04,6747.84,NA,47,Dcaf7
1573.4,6891.6,NA,47,Dctn1
1660.72,6752.12,NA,47,Dctn1
1685.04,6673.48,NA,47,Dctn1
1772.28,6803.12,NA,47,Dctn1
1829.08,6867.28,NA,47,Dctn1
1763.84,6791.92,NA,47,Dctn1
1765,6796.44,NA,47,Dctn1
1877.36,6715.04,NA,47,Tenm4
1842.8,6881.6,NA,47,Psmd8
1943.08,6820.32,NA,47,Lrrn3
1949.16,6812.16,NA,47,Cul5
1886.8,6748.56,NA,47,Apc
1713.76,6752.28,NA,47,Apc
1788.96,6686.64,NA,47,Lgi1
1974.56,6745.28,NA,47,Tmco1
1657.84,6720.28,NA,47,Rab15
1987,6810.8,NA,47,Grpel1
1710.44,6677.68,NA,47,Mras
1548.08,6854.36,NA,47,Mras
1686.16,6788.64,NA,47,Mrpl11
1694.12,6674.08,NA,47,Mrpl11
1903.32,6707.16,NA,47,Mrpl11
1942.28,6804.08,NA,47,Man2a2
1945.84,6824,NA,47,Man2a2
1997.24,6791,NA,47,Man2a2
1797.28,6728.88,NA,47,Cpeb1
1587.8,6663.68,NA,47,Fyn
1803.8,6728.44,NA,47,Matn2
1904.2,6704,NA,47,Stip1
1620.52,6661.56,NA,47,Stip1
1925.4,6775.16,NA,47,Wdr6
1712.52,6749.52,NA,47,Wdr6
1984.56,6687.76,NA,47,Wdr6
1912.08,6811.64,NA,47,Naa35
1731.2,6775.04,NA,47,Mgrn1
1728.8,6757.64,NA,47,Cmas
1773.76,6880.96,NA,47,Cmas
1729.72,6703.88,NA,47,Gphn
1671.12,6772.52,NA,47,Smc6
1814.6,6849.4,NA,47,Puf60
1745.52,6725.56,NA,47,Rnf157
1654.24,6964.76,NA,47,Prpf19
1881.96,6875.96,NA,47,Prpf19
1825.32,6668.48,NA,47,Smu1
1704,6733.16,NA,47,Nr2f1
1550.36,6740.32,NA,47,Nr2f1
1978.04,6816.52,NA,47,Nr2f1
1560.08,7028.56,NA,47,Nr2f1
1794.36,6754.76,NA,47,Nr2f1
1590.04,6705.32,NA,47,Nr2f1
1587.76,6716.8,NA,47,Nr2f1
1823.52,6673.32,NA,47,Clstn3
1708.8,6679.28,NA,47,Clstn3
1886.72,6728.32,NA,47,Clstn3
1879.2,6728,NA,47,Clstn3
1915.84,6669.64,NA,47,Flrt2
1680.08,6668.4,NA,47,Ppp1cc
1560,7039.2,NA,47,Bcr
1796.52,6784.72,NA,47,Sppl3
1579.28,6747.2,NA,47,Kcnn2
1891.12,6725.24,NA,47,Kcnn2
1963.4,6698.28,NA,47,Mrps25
2001.48,6811.92,NA,47,R3hdm2
1743.16,6656.12,NA,47,R3hdm2
1549.2,6843.04,NA,47,Senp6
1823.4,6711.92,NA,47,Actr1a
1685.44,6663.52,NA,47,Zdhhc20
1693.12,6766.04,NA,47,Zdhhc20
1839.12,6692.2,NA,47,Zdhhc20
1692.44,6751.96,NA,47,Mtmr6
1762.52,6879.96,NA,47,Pcmtd2
1793.8,6881.72,NA,47,Arid4a
1955.56,6774.36,NA,47,Lancl2
1553.36,7015.08,NA,47,Lancl2
1735,6855.36,NA,47,Lancl2
1881.68,6706.36,NA,47,Lancl2
1827.96,6800.28,NA,47,Tcf20
1655.88,6670.68,NA,47,Tcf20
1958.44,6729.2,NA,47,Slc48a1
1540.16,6843.56,NA,47,Slc48a1
1856.68,6741.24,NA,47,Map3k12
1804.08,6834.12,NA,47,Map3k12
1635.8,6747,NA,47,Kifc2
1960,6791.36,NA,47,Lix1
2005.16,6763.64,NA,47,Atxn2
1565.64,6931.36,NA,47,Kcnv1
1902.8,6820.16,NA,47,Kcnv1
1860.96,6716.44,NA,47,Tprgl
2002.36,6756.44,NA,47,Supt5
1641.6,6670.08,NA,47,Nf2
1850.48,6872.08,NA,47,Nf2
1547.56,6991.88,NA,47,Nf2
1549.72,6995.36,NA,47,Nf2
1643.48,6663.8,NA,47,Nf2
1818.64,6874.96,NA,47,Rnf165
1757.96,6751.2,NA,47,Rere
1933.64,6813.6,NA,47,Rere
1799.72,6828.84,NA,47,Nrd1
2011,6760.8,NA,47,Asphd2
1902.32,6662.24,NA,47,Ckap5
1584.48,6710.92,NA,47,Vps13a
1735.92,6770,NA,47,Actn4
1926.52,6713.08,NA,47,Actn4
1888.88,6788.92,NA,47,Tnrc6c
1703.6,6750.24,NA,47,Psmd3
1817.84,6873.56,NA,47,Eif3d
1915.16,6717.72,NA,47,Rnf34
1667.2,6712.32,NA,47,Fbxl17
1722.48,6870.04,NA,47,Fbxl17
1555.92,6722.56,NA,47,Slc25a23
1816.92,6859.32,NA,47,Slc25a23
1599.04,7003.24,NA,47,Slc25a23
1601.88,6797,NA,47,Slc25a23
1731.36,6799.88,NA,47,Eif4e
1593.52,6699.28,NA,47,Dlat
1720.92,6840.88,NA,47,Setd3
1546.6,6828.16,NA,47,Setd3
1977.12,6709.88,NA,47,Ttyh3
1972.2,6660.4,NA,47,Zcchc14
1997.52,6770.32,NA,47,Ganab
1678.96,6746.68,NA,47,Ganab
1716.68,6734.76,NA,47,Nr2c2
1614.08,6700.8,NA,47,Ube4b
1944.72,6765.2,NA,47,Dpp9
1932.76,6767.08,NA,47,Ubxn6
1983.68,6786,NA,47,Ubxn6
1785.52,6876.72,NA,47,Tacc1
1834.92,6678,NA,47,Ilf3
1800.16,6876.04,NA,47,Ilf3
1635.56,6729.92,NA,47,Gpr85
1563.84,7046.76,NA,47,Drosha
1764.4,6769.36,NA,47,Arhgef7
1909,6791.84,NA,47,Arhgef7
1927.04,6737.64,NA,47,Arhgef7
1713.84,6682.48,NA,47,Arhgef7
1560.2,6863.4,NA,47,Ntng1
1900.24,6659.32,NA,47,Ntng1
1736.72,6760.84,NA,47,Os9
1889.68,6875.72,NA,47,Os9
1745.4,6688.24,NA,47,Os9
1627.04,6730.52,NA,47,Ppm1a
1786.4,6686.52,NA,47,Dscaml1
1930.04,6833.16,NA,47,Gpatch11
1680.96,6752.52,NA,47,Gpatch11
1963.16,6778.08,NA,47,Klhl7
1863.48,6715.52,NA,47,Tbrg1
1680.68,6721.52,NA,47,Cltb
1975.36,6677.36,NA,47,Cltb
1743.28,6778.12,NA,47,Cltb
1542.56,6879.8,NA,47,Cltb
1795.24,6689.36,NA,47,Srpk1
1616.48,6758.64,NA,47,Ubp1
1607.32,6731.72,NA,47,Ranbp2
1667.32,6779.64,NA,47,Rab11fip3
1638.12,6697.52,NA,47,Rab11fip3
1642.48,6749.36,NA,47,Hid1
1891.68,6790.84,NA,47,Golga2
1839.44,6697.16,NA,47,Taok2
1556.24,6842.84,NA,47,Taok2
1641.48,6761.28,NA,47,Taok2
1982.36,6810.6,NA,47,Taok2
1970.92,6741.68,NA,47,Upf3b
1793.8,6677.16,NA,47,Yars
1559.36,6737.04,NA,47,Ythdf1
1961.56,6779.68,NA,47,Vps26b
1551.36,6983.68,NA,47,Vps26b
1555.6,6903.4,NA,47,Vps26b
1904.6,6664.56,NA,47,Mef2a
1902.76,6869.84,NA,47,Zfp131
1697.68,6675.68,NA,47,Zfp131
1936.28,6777.6,NA,47,Zfp131
1669.64,6793.88,NA,47,Pak7
1624.2,6711.24,NA,47,Pak7
1849.84,6712.8,NA,47,Pak7
1629.08,6744.76,NA,47,Pak7
1720,6831.32,NA,47,Slc6a15
1687.24,6825.56,NA,47,Megf8
1557.84,6877.2,NA,47,Megf8
1749.04,6815.24,NA,47,Megf8
1673.44,6744.88,NA,47,Thoc1
1979.72,6717.56,NA,47,Limch1
1805.96,6671.48,NA,47,Papss1
1920.08,6853.08,NA,47,Sun1
1754.32,6809.72,NA,47,Sun1
1647.28,6794.04,NA,47,Zbtb4
1907.44,6821.64,NA,47,Zbtb4
1665.04,6713.8,NA,47,Zbtb4
1844.96,6699.24,NA,47,Zbtb4
1888.12,6774.48,NA,47,Gas6
1721.68,6705.24,NA,47,Gas6
1810,6786.96,NA,47,Gas6
1565.56,6795.88,NA,47,Gas6
1556.36,6815.6,NA,47,Gas6
1633.52,6717.8,NA,47,Enpp2
1958.88,6763.52,NA,47,Nt5dc3
1838.44,6698.76,NA,47,Nt5dc3
1847.2,6720.2,NA,47,Rab3gap2
1984.84,6684.44,NA,47,Rab3gap2
1951.28,6770.92,NA,47,Trappc5
1568.68,7034.84,NA,47,Parp6
1574.56,6763.76,NA,47,Akap8
1886.12,6842.92,NA,47,Ppargc1a
1570.16,6730.32,NA,47,Gtf3c1
1556.44,7032.4,NA,47,Eif2b4
1671.4,6767.92,NA,47,Galnt18
1847.28,6762.48,NA,47,Nova2
1769.08,6727.68,NA,47,Gpr158
1581.8,6747.88,NA,47,Sirt3
1945.88,6765.92,NA,47,Tmem161b
1789.92,6721.88,NA,47,Ptdss1
1925.56,6722.2,NA,47,Pip5k1a
1892.84,6789.8,NA,47,Ppp2r2d
1680.28,6769.36,NA,47,Tmem132a
1624.8,6731.88,NA,47,Tmem132a
1890,6798.84,NA,47,Lias
1542.8,6771.64,NA,47,Lias
1744.56,6697.36,NA,47,Lias
1681.92,6737.48,NA,47,Lrrc7
2000.96,6784.24,NA,47,Sh3rf1
1984.08,6720.28,NA,47,Anapc4
1816.16,6718.08,NA,47,Atp1b3
1695.12,6665.96,NA,47,Atp1b3
1867.48,6878.52,NA,47,Dnm3
1757.36,6746.04,NA,47,Ube2z
1626.6,6737.2,NA,47,Stoml2
1738.12,6879.56,NA,47,Atp2b3
1973.24,6724.84,NA,47,Katnal1
1909.44,6741.68,NA,47,Katnal1
1913,6668.08,NA,47,Katnal1
1827.4,6883.48,NA,47,Gramd1a
1621.8,6726.6,NA,47,Ppp1r9b
1833,6875.88,NA,47,Tbk1
1921.72,6671.12,NA,47,Larp1
1851.32,6761.68,NA,47,Larp1
1874.16,6735.72,NA,47,Larp1
1875.52,6738.72,NA,47,Larp1
1558,6806.2,NA,47,Coro2b
1852.24,6774.16,NA,47,Ctr9
1583,7077.84,NA,47,Btbd3
1902.12,6813.6,NA,47,Btbd3
1551.08,6769.68,NA,47,Btbd3
1666.12,6796.16,NA,47,Tmem127
1710,6850.4,NA,47,Tspyl5
1595.48,6775.24,NA,47,Ccng2
1729.68,6723.36,NA,47,Poldip3
1547.24,6907.48,NA,47,Poldip3
1848,6771.56,NA,47,Dazap2
1762.72,6831.8,NA,47,Bag6
1821.24,6691.92,NA,47,Bag6
1776.44,6719.36,NA,47,Bag6
1634.4,6703.44,NA,47,Cep170
1638.72,6702.4,NA,47,Cep170
1626.16,6706.8,NA,47,Cep170
1561.44,6981.24,NA,47,Gopc
1812.36,6727.56,NA,47,Xiap
1759.56,6686.48,NA,47,Xiap
1876.76,6668.44,NA,47,Senp3
1706.32,6665.8,NA,47,Bcl6
1743.64,6801.52,NA,47,Sptb
1667.56,6769.2,NA,47,Sptb
1803.36,6724.04,NA,47,Sptb
1886.12,6785.72,NA,47,Rbm6
1904.08,6875.04,NA,47,Kctd6
1607.08,6705.88,NA,47,Kctd6
1592.56,6685.6,NA,47,Fbxo45
1876.04,6746.72,NA,47,Fbxo45
1571.48,6730.52,NA,47,Usp25
1740.2,6675.88,NA,47,Jarid2
1853.64,6721.56,NA,47,Rybp
1556.28,6735.8,NA,47,Dopey1
1886.52,6707.28,NA,47,Keap1
1710.52,6748.8,NA,47,Keap1
1765.6,6756.6,NA,47,Ep300
1807.36,6673.4,NA,47,Derl1
1923.92,6732.72,NA,47,Derl1
1600.68,6698.88,NA,47,Sec61a1
1987.32,6689.44,NA,47,Cdh8
1603.88,6725.88,NA,47,Rif1
1598.28,6718.36,NA,47,Rif1
1977.92,6716.04,NA,47,Ap1m1
1818.48,6865.64,NA,47,Abcf3
1640.4,6765.08,NA,47,Parm1
1975.92,6714.44,NA,47,Parm1
1718.28,6727.12,NA,47,Parm1
1973.64,6671.48,NA,47,Parm1
1897.08,6663.24,NA,47,Smarcd1
1823.64,6682.8,NA,47,Smarcd1
1861.04,6793.64,NA,47,Dkc1
1675.36,6705.56,NA,47,Sall2
1602.32,6898.6,NA,47,Rprd2
1993.72,6768.8,NA,47,Hecw1
2001.36,6791,NA,47,Cpne5
1591.96,6824.32,NA,47,Coq9
1903.88,6666.32,NA,47,Slc7a8
1819.12,6861.56,NA,47,Limk2
1821.68,6715.68,NA,47,Tecpr2
1592.2,6667.24,NA,47,Tecpr2
1976.84,6804.32,NA,47,Ift172
1925.92,6717.92,NA,47,Ift172
1867.68,6876.52,NA,47,Dlgap2
1724.96,6705.72,NA,47,Dlgap2
1695.76,6748.12,NA,47,Nsun2
1557.52,6733.36,NA,47,Ppp6r3
1976,6773.52,NA,47,Ppp6r3
2004.52,6777.44,NA,47,Trappc12
1966.32,6696.96,NA,47,Ube2g1
1911.76,6782.64,NA,47,Tnrc18
1972.72,6784.44,NA,47,Grm7
1993.24,6756.68,NA,47,Grn
1704.96,6664.88,NA,47,Cask
1908.2,6867.48,NA,47,Setbp1
1656.44,6772.4,NA,47,Setbp1
1959.44,6818.84,NA,47,Coq5
1730.68,6820.72,NA,47,Btbd2
1672.96,6779.52,NA,47,Btbd2
2004.84,6658.8,NA,47,Mpdz
1827.4,6800.24,NA,47,Usf2
1957.2,6716.56,NA,47,Abca5
1913.04,6701.08,NA,47,Lrrc49
1951.16,6798.64,NA,47,Epc2
1982.72,6755,NA,47,Spata2
1808.28,6665.48,NA,47,Kat6b
1637.96,6711.6,NA,47,Lrp6
1904.4,6862.28,NA,47,Irf2bp2
1697.72,6805.56,NA,47,Jakmip1
1896.44,6682.48,NA,47,Jakmip1
1657.48,6765.88,NA,47,Fmn2
1649.28,6671.76,NA,47,Fmn2
1542.76,6840.88,NA,47,Fmn2
1860.32,6742.36,NA,47,Fxr2
1795.48,6696.68,NA,47,Phc2
1557.52,7022.36,NA,47,Raf1
1685.2,6749,NA,47,Syt17
1558.2,6840.8,NA,47,St3gal2
1808.36,6696.68,NA,47,St3gal2
1554.28,6745.12,NA,47,St3gal2
1600.2,6699.6,NA,47,Tmcc2
1697.24,6751.12,NA,47,Tmcc2
1968.36,6772.24,NA,47,Rab9b
1881.36,6703.56,NA,47,Rab9b
1557.96,6742.64,NA,47,Fbxo38
1891.32,6726.96,NA,47,Pacs1
1772.96,6701.04,NA,47,Pacs1
1891.84,6795.96,NA,47,Oprl1
1693.96,6751.04,NA,47,Npr3
1977.24,6746.92,NA,47,Npr3
1711,6773.64,NA,47,Armcx4
1956.96,6768.64,NA,47,Mphosph9
1536.88,6663.52,NA,47,Uri1
1851.2,6716.6,NA,47,Rnf168
2007.28,6691.68,NA,47,Dcaf11
1969.84,6777.4,NA,47,Dcaf11
1552.8,6820.68,NA,47,Unc13b
1686.84,6752.88,NA,47,Wscd2
1714.84,6789,NA,47,Wscd2
1675.76,6665.44,NA,47,Acadsb
1665.36,6736.8,NA,47,U2af2
1736.24,6667.4,NA,47,U2af2
1675.52,6796.44,NA,47,Srp68
1776.88,6715.68,NA,47,Spast
1687.44,6816.68,NA,47,Spast
1558.24,7048.4,NA,47,Cdk12
1965.52,6693.52,NA,47,Tfam
1607.28,6804.2,NA,47,Grk6
1958.88,6664.64,NA,47,Hrk
1899.96,6873.76,NA,47,Tmem170b
1647.64,6791.68,NA,47,Ecd
1572.8,6740.6,NA,47,Paqr4
2016.36,6724.32,NA,47,Ccdc149
1559.48,6849.72,NA,47,Pef1
1790.64,6724.24,NA,47,Pef1
1566.84,6710.52,NA,47,Pef1
1747,6692.36,NA,47,S100b
1546.96,6796.68,NA,47,S100b
1822.72,6880.44,NA,47,Zfp251
1931.92,6769.16,NA,47,Hsd17b7
1578.68,7075.92,NA,47,Prmt7
1884.24,6704.08,NA,47,Prmt7
1915.44,6705.36,NA,47,Igf1r
1629.88,6808.56,NA,47,Ptprz1
1549.2,6966.8,NA,47,Ptprz1
1591.88,6824.96,NA,47,Wrnip1
1917.4,6706.48,NA,47,Uggt1
1732.8,6714.96,NA,47,St8sia1
1728.56,6870.04,NA,47,Get4
1645.2,6722.08,NA,47,Dnaja3
1763.96,6688.52,NA,47,Rexo1
1550.88,6889.96,NA,47,Rexo1
1589.24,6665.52,NA,47,Mctp1
1668.6,6770.52,NA,47,Mctp1
1998.68,6666.4,NA,47,Faxc
1779.04,6880.16,NA,47,Gpn1
1592.44,6686.64,NA,47,Mrpl9
1585.44,6656.64,NA,47,Mrpl9
1631.52,6897.84,NA,47,Srebf2
2004.92,6672.56,NA,47,Srebf2
1703.16,6734.24,NA,47,Srebf2
1895.68,6873.44,NA,47,Rnf214
1727.2,6795.84,NA,47,Hs2st1
1825.76,6873.04,NA,47,Hs2st1
1622.12,6746.52,NA,47,Sec24c
1545.28,7036.12,NA,47,Psat1
1637.6,6894.84,NA,47,Psat1
1899.64,6871.68,NA,47,Kcnk2
1717.84,6657.92,NA,47,Kcnk2
1748.88,6709.56,NA,47,Hyou1
1604.4,6721.28,NA,47,Hyou1
1685.08,6739.92,NA,47,Blmh
1729.8,6778.16,NA,47,Blmh
1695.76,6789.16,NA,47,Pitpnm1
1771.28,6718.4,NA,47,Pitpnm1
1618,6657.88,NA,47,Pitpnm1
1880.4,6661.56,NA,47,Ranbp3
1937.24,6759.84,NA,47,Psmd5
1544.68,6817,NA,47,Xrn1
1994.04,6666.88,NA,47,Hrh3
1991.8,6730.76,NA,47,Hrh3
1693.24,6694.68,NA,47,Pcp4l1
1857.44,6718.48,NA,47,Htr1a
1537.92,6701.04,NA,47,Men1
1761.08,6884.16,NA,47,Lrrc59
1778.2,6684.44,NA,47,Lrrc59
1835.52,6692.76,NA,47,Ddx41
1693.08,6732.08,NA,47,Ddx41
1762.44,6832.68,NA,47,Vps11
1916.2,6771.48,NA,47,Urgcp
1771.6,6806.96,NA,47,Urgcp
1908.36,6682.56,NA,47,Ddx56
1651.6,6674.88,NA,47,Gspt2
1813.36,6665.6,NA,47,Nol12
1868.08,6876.64,NA,47,Zfp354c
1673.28,6668,NA,47,Ptpn3
1659.64,6686.08,NA,47,Cdh10
1821.8,6738.96,NA,47,Ampd2
1556.76,6712.36,NA,47,Clk3
1890.24,6718.24,NA,47,Cyp51
1765.24,6881,NA,47,Ranbp6
1910.24,6715.64,NA,47,Eif4enif1
1922.84,6755.88,NA,47,Rabepk
1654.16,6960.12,NA,47,Ubqln4
1736.56,6813.92,NA,47,Hey1
1718.72,6762.96,NA,47,Hey1
1580.64,6913.48,NA,47,Cotl1
1961.64,6722.96,NA,47,Cotl1
1727.32,6870.36,NA,47,Actr8
1990.8,6669,NA,47,Actr8
1999.76,6793.6,NA,47,Dnajc14
1539.68,6921.16,NA,47,Lasp1
1853.28,6748.28,NA,47,Kat2a
1985.24,6690.16,NA,47,Enah
1954.8,6803.88,NA,47,Itga4
1707.96,6775.76,NA,47,Fkrp
1565.16,6818.72,NA,47,Ncln
1778.92,6876.84,NA,47,Zfyve28
1717.28,6723.6,NA,47,Zfyve28
1903.08,6678.12,NA,47,Rc3h1
1946.4,6816.32,NA,47,Rc3h1
1684.48,6800.68,NA,47,Aff3
1805.44,6750.92,NA,47,Mapk4
1547.52,6765.16,NA,47,Mapk4
1986.48,6659.72,NA,47,Usp24
1816.36,6760.72,NA,47,Slc43a2
1543.92,6735.64,NA,47,Dcun1d2
2006.64,6760.92,NA,47,Rprm
1892.96,6789.04,NA,47,Ptpn12
1837.12,6864.56,NA,47,Ptpn12
1947.36,6806.56,NA,47,Birc2
1896.8,6767,NA,47,Xab2
1901.36,6793.72,NA,47,Ctnnbl1
1888.24,6872.44,NA,47,Sgsm2
1684.16,6718.36,NA,47,Sap30bp
1905.2,6831.8,NA,47,Fam169a
1988.36,6688.92,NA,47,Onecut2
1866.44,6877.44,NA,47,Rrm2b
1551.12,6970.52,NA,47,Pygb
1974.32,6750.28,NA,47,Pygb
1689.88,6724,NA,47,Sap18
1723.32,6660.56,NA,47,Ctnna2
1545.6,6827.92,NA,47,Akt2
1686.64,6687.36,NA,47,Akt2
1567.96,6839.4,NA,47,Atxn7
1803.36,6725.28,NA,47,Atxn7
1571.96,7041.6,NA,47,Scaf8
1721.16,6747.28,NA,47,Tsc1
1945.16,6816.72,NA,47,Tsc1
1563.12,6998.36,NA,47,Pttg1ip
1774.16,6779.32,NA,47,Fsd1
1631.96,6897.04,NA,47,Nlgn2
1541.32,6865.76,NA,47,Cdk8
1760.4,6880.48,NA,47,Cdk8
1909.56,6819,NA,47,Smad3
1773.44,6703.44,NA,47,Ddx10
1963.96,6709.04,NA,47,B4galnt4
1684.2,6791,NA,47,B4galnt4
1972.4,6741.08,NA,47,B4galnt4
1629,6701.6,NA,47,Enox1
2003,6767.72,NA,47,Kcnq5
1578.96,7077.48,NA,47,Pdzd4
1844.52,6694.04,NA,47,Ubac2
1957.2,6668.28,NA,47,Pnpla6
1728.12,6877.76,NA,47,Nelfb
2002.6,6763.12,NA,47,Nelfb
2005.64,6808,NA,47,Nelfb
1753.12,6819.32,NA,47,Tubgcp3
1979.8,6671.08,NA,47,Ubr7
1859.04,6713.16,NA,47,Chst11
1909.28,6708.12,NA,47,Chst11
1583.72,6745.32,NA,47,Ehd1
1855.28,6869.12,NA,47,Ehd1
1719.04,6696.68,NA,47,Dtnb
1654.28,6749.08,NA,47,Phf12
1796.16,6730.16,NA,47,Dpysl4
1927.28,6832.8,NA,47,Crcp
1739.72,6713.28,NA,47,Cdkn2aipnl
1958.68,6693.4,NA,47,Ubxn2b
1635.72,6758.28,NA,47,Scube1
1844.48,6707.24,NA,47,Cog1
1718.32,6774.52,NA,47,Cog1
1776.16,6735.6,NA,47,Sdad1
1589.96,6656.96,NA,47,Dnpep
1999.64,6767.2,NA,47,Neurl1b
1831.44,6850.92,NA,47,Lman2l
1602.12,6832.2,NA,47,Sema4a
1728.72,6722.08,NA,47,Sema4a
1873.52,6715.72,NA,47,Parg
2008,6809,NA,47,Parg
1862.44,6796,NA,47,Sbk1
1659.84,6743.92,NA,47,Sbk1
1928.48,6835.68,NA,47,Sbk1
1762.04,6687.52,NA,47,Sbk1
1659.24,6695.92,NA,47,Sbk1
1845.2,6756.92,NA,47,Sbk1
1672.12,6723.84,NA,47,Sbk1
1696.64,6788.72,NA,47,Nup85
1853.4,6877.2,NA,47,Lyst
1593.84,6707.44,NA,47,Hdac6
1627.08,6743.36,NA,47,Ece1
1565.6,6989.32,NA,47,Slc25a39
1865.08,6873.2,NA,47,Synj2
1907.88,6702.68,NA,47,Fam110b
1852.96,6843.2,NA,47,Amer2
1825,6703.32,NA,47,Amer2
1973.6,6750.24,NA,47,Erlin2
1656.6,6733.6,NA,47,Vprbp
1675.64,6737.92,NA,47,Kctd10
1981.16,6731.36,NA,47,Proser1
1548.4,6826.88,NA,47,Nhsl1
1570.6,7068.28,NA,47,Grm3
1983.88,6728.04,NA,47,Ankle2
1840.76,6706.48,NA,47,Hibadh
1740.52,6761.88,NA,47,Kcnc1
1955.2,6824.28,NA,47,Kcnc1
1781,6674.72,NA,47,Kcnc1
1980.28,6688.44,NA,47,Kcnc1
1676.24,6746.8,NA,47,Kcnc1
1668.84,6782.04,NA,47,Kcnc1
1882,6669.56,NA,47,Slc4a1ap
1675.2,6751.68,NA,47,Csnk1g2
1804.96,6863.8,NA,47,Tubgcp2
1999.16,6806.04,NA,47,Atmin
1682.32,6749,NA,47,Tcof1
1927.12,6715.88,NA,47,Tcof1
1858.28,6877.08,NA,47,Tcof1
1580.36,6925.04,NA,47,Scrn3
1919.32,6670.4,NA,47,Hs3st1
1812.2,6788,NA,47,Slc1a4
1910,6705.64,NA,47,Srprb
1743.32,6715.4,NA,47,Zdhhc5
1782.6,6744.24,NA,47,Mib2
1858.6,6877.56,NA,47,Mib2
1856.24,6711.76,NA,47,Taz
1771.44,6885,NA,47,Taz
1758.88,6730.44,NA,47,Cep120
2001.36,6804.44,NA,47,Mcu
1983.12,6681.96,NA,47,Mcu
1787.88,6878.8,NA,47,Pck2
1883.84,6794.2,NA,47,Elovl5
1785.96,6860.04,NA,47,Elovl5
1968.36,6727.52,NA,47,Gatsl2
2002.6,6749.96,NA,47,Gatsl2
1973,6733.96,NA,47,Gatsl2
1639.76,6761.88,NA,47,Bbs1
1820.92,6699.16,NA,47,Ppargc1b
2001.04,6662.72,NA,47,Dcp2
1678.12,7056.92,NA,47,Rap1gap2
1545.16,6767.4,NA,47,Rap1gap2
1901.48,6799.44,NA,47,Rap1gap2
1729.24,6811.76,NA,47,Rap1gap2
1722.24,6759.16,NA,47,Usp42
1574.64,6744.84,NA,47,Tpst1
1865.76,6879.8,NA,47,Slc6a1
1950.12,6753.64,NA,47,Slc6a1
1849.16,6704.96,NA,47,Cog3
1973.92,6684.28,NA,47,Jdp2
1644.08,6658.04,NA,47,Jdp2
1552.28,6906.96,NA,47,Spg21
1671.72,6786.72,NA,47,Irf2bp1
1890.4,6874.2,NA,47,Nup214
1776.08,6742.28,NA,47,Nup214
1617.28,6748.56,NA,47,Tbcc
1823,6801.72,NA,47,Smyd5
1965.76,6726.28,NA,47,Gnal
1766.68,6826.52,NA,47,Ntsr2
1550.44,6896.24,NA,47,Ntsr2
1638.64,6682.48,NA,47,Ntsr2
2060.08,6664.76,NA,47,Ntsr2
1564.08,6835,NA,47,Ntsr2
1630.88,6898.44,NA,47,Ntsr2
1770.16,6796.28,NA,47,Phf23
1981.2,6751.64,NA,47,Dennd6b
1545.16,6843,NA,47,Dennd6b
1918.4,6825.52,NA,47,Slc7a1
1906.32,6859.36,NA,47,Pcbp3
1976.4,6744.6,NA,47,Ppwd1
1833.6,6865.96,NA,47,Usp39
1900.84,6814.84,NA,47,Ache
1887.24,6731.88,NA,47,Paxip1
1897.96,6710.28,NA,47,Bckdk
1986.72,6656.24,NA,47,Lrrc45
1838.08,6682.36,NA,47,Polr3h
1847.16,6865.32,NA,47,Ncam2
1921.48,6716.84,NA,47,Tada3
1728.04,6796.24,NA,47,Mtss1
1948.8,6752.84,NA,47,Ahdc1
1806.68,6814.24,NA,47,Mfap3
1954.48,6714.64,NA,47,Rabgef1
1826.2,6803.32,NA,47,Rabgef1
1683.72,6743.6,NA,47,Rabgef1
1885.6,6875.88,NA,47,Eif2ak1
2000.48,6756,NA,47,Eif2ak1
1809.84,6882.8,NA,47,Eif2ak1
1998.04,6756.84,NA,47,Map6d1
1971.24,6775.88,NA,47,Map6d1
1653.08,6673.72,NA,47,Wwp1
1841.76,6676.88,NA,47,Lats1
1956.8,6803.44,NA,47,Kif21b
1612.08,6884.08,NA,47,Kif21b
1960.32,6803.56,NA,47,Kif21b
1722.36,6780.84,NA,47,Rspo2
1959.88,6696.68,NA,47,Scyl1
1659.56,6758.32,NA,47,Kirrel3
1690.6,6727.8,NA,47,Hs6st1
1579.44,7082.48,NA,47,Gcdh
1876.32,6705.24,NA,47,Abcc8
2005.76,6808.08,NA,47,Gpr19
1680.84,6749.96,NA,47,Megf11
1906.56,6822.6,NA,47,Nsdhl
1692.48,6763.44,NA,47,Mboat2
1965.2,6778.92,NA,47,Mmaa
1819.76,6663.76,NA,47,Uba6
1818.24,6878.08,NA,47,Stam2
1834,6705.72,NA,47,Tox3
2004.88,6715.6,NA,47,Tox3
1740.72,6665.92,NA,47,Tox3
1786.32,6747.12,NA,47,Tox3
1653.24,6774.92,NA,47,Arfgap3
1657.68,6735.88,NA,47,Arfgap3
1676.64,6787.4,NA,47,Arfgap3
1930.16,6830.8,NA,47,Ints6
1882.12,6713.28,NA,47,Fam13a
1677.72,6814.72,NA,47,Mccc2
1708.68,6662.76,NA,47,Ttc27
1638.56,6678.88,NA,47,Ttc27
1788.28,6684.72,NA,47,Islr2
1793.64,6692.24,NA,47,Islr2
1982.52,6806.52,NA,47,Alkbh8
1996,6669.08,NA,47,Brpf1
1676.8,6744.76,NA,47,Tbc1d9
1738.12,6763.44,NA,47,Tbc1d9
1844.4,6699.56,NA,47,Tbc1d9
1553.76,6822.8,NA,47,Xk
2003.6,6754.16,NA,47,Ppp3cc
1961.8,6793.56,NA,47,Dlk2
1901.96,6798.28,NA,47,Nr1d1
1683.08,6683.12,NA,47,Nr1d1
1990.72,6779.52,NA,47,Aldh6a1
1782.6,6697.8,NA,47,Aldh6a1
1855.28,6722.4,NA,47,Ddit4
2014.4,6721.08,NA,47,Pibf1
1992.6,6772.32,NA,47,Atp7a
1819.92,6774.44,NA,47,Gtpbp1
1970.8,6712.04,NA,47,Usp12
1770.76,6684.56,NA,47,Panx1
1690.08,6694.84,NA,47,Ext2
1961.08,6714.6,NA,47,Stk11
1661.36,6793.44,NA,47,Stk11
1704.28,6703.16,NA,47,Stk11
1948.44,6767.6,NA,47,Stk11
2006.28,6725.76,NA,47,Gal3st3
1756.04,6716.88,NA,47,Cyb561d2
1999.12,6755.92,NA,47,Cpne2
1775.52,6728.12,NA,47,Cpne2
1848.88,6876.24,NA,47,Cpne2
1646,6671.4,NA,47,Tarbp2
1639.68,6744.16,NA,47,Sema6c
1864.44,6875.68,NA,47,Maoa
1815.64,6697.92,NA,47,Rgl2
1570.08,6727.16,NA,47,Ip6k2
1558.68,7020.64,NA,47,Gabpb2
1757.8,6751.88,NA,47,Rfx1
1875.16,6683.08,NA,47,Phka2
1541.08,6845.44,NA,47,Arhgap17
1726.88,6797.76,NA,47,Edc3
1544.2,6919.08,NA,47,Ttll11
1565.8,6977.44,NA,47,Nop2
1904.52,6862.72,NA,47,Nop2
1680.8,6787.84,NA,47,Tmem198
2017.8,6724.72,NA,47,Fbxo42
2006.72,6767.44,NA,47,Fbxo42
1733.44,6676.28,NA,47,Grid1
1949.44,6770.36,NA,47,Ago4
1986.4,6811.72,NA,47,Fmnl2
1662.64,6725.96,NA,47,Fmnl2
1953.56,6713.64,NA,47,Trib2
1803.76,6860.64,NA,47,Zdhhc7
1848.68,6656.92,NA,47,Zdhhc7
1859.12,6791.56,NA,47,Rnf219
1668.6,6750.64,NA,47,Tsen2
1818.56,6857.64,NA,47,Tsen2
1554.28,6895.16,NA,47,Tsen2
1813.56,6699.48,NA,47,Pcyox1l
1927.12,6835.84,NA,47,Pcyox1l
1937.28,6778.96,NA,47,Kdm6b
1655.44,6780.28,NA,47,Kdm6b
1986.28,6689.28,NA,47,Kdm6b
1824.76,6870.32,NA,47,Zfp317
1743.68,6818.16,NA,47,Ap5m1
1801.4,6879.08,NA,47,Nanos1
1926.16,6839.16,NA,47,Gsr
1541.4,6933.2,NA,47,Arsa
1825.68,6870.52,NA,47,Phkb
1684.48,6812.28,NA,47,Phkb
1551.48,6769.88,NA,47,Zc3h4
1699.92,6765.6,NA,47,Ltbp4
1697.44,6765.76,NA,47,Spice1
2015.32,6700.76,NA,47,Lig3
1580.52,6731.52,NA,47,Nufip1
1575.24,6729.64,NA,47,Nufip1
1628.68,6745.8,NA,47,Trmt10b
1952,6818.76,NA,47,Pacrg
1850.44,6876.16,NA,47,Pacrg
1629.4,6734.36,NA,47,Pacrg
1609.52,6893.76,NA,47,Mid1ip1
1754.56,6753.48,NA,47,Mid1ip1
1538.52,6930.36,NA,47,Mid1ip1
1720.88,6787.64,NA,47,Rasl10b
1796.88,6879,NA,47,Slc9a9
1806.68,6692.44,NA,47,Ubap1
1683.48,6709.44,NA,47,Cnnm3
1823.88,6667.6,NA,47,Rbpj
1676.68,6833.52,NA,47,Scrt1
2007.6,6747.36,NA,47,Scrt1
1681.32,6835.68,NA,47,Scrt1
1819,6871.96,NA,47,Unkl
1734.72,6813.32,NA,47,Crtc2
1679.04,6700.68,NA,47,Crtc2
1730.72,6796.96,NA,47,Cog2
1632.24,6897.72,NA,47,Nup205
1796.32,6813.2,NA,47,Ubash3b
1798.64,6879.68,NA,47,Ubash3b
1909.4,6705.28,NA,47,Zfp36
1993.24,6783.76,NA,47,Tsc22d4
1730.24,6877.28,NA,47,Tsc22d4
1694.2,6686.96,NA,47,Fam76b
1748.36,6697.68,NA,47,Axin1
1636.24,6754.96,NA,47,Zfp629
1856.68,6875.16,NA,47,Slc35e4
1971.08,6676.24,NA,47,Mgat4b
1687.04,6721.72,NA,47,Mgat4b
1905.76,6708.68,NA,47,Mgat4b
1811.72,6716.04,NA,47,Mgat4b
1738.84,6811,NA,47,Ncoa3
1544.72,6763.76,NA,47,Ctns
1794.04,6875.76,NA,47,Rab33b
1781.64,6706.56,NA,47,Htr4
1652.72,6771.68,NA,47,Rreb1
1795.2,6837.04,NA,47,Pik3ip1
1720.36,6656.6,NA,47,Stk11ip
1555.12,6892,NA,47,Tmem44
1845.16,6692.6,NA,47,Lnpep
1896.4,6870.08,NA,47,Lnpep
1554.4,7036.68,NA,47,Llgl1
1726.44,6738.44,NA,47,Gtf2e1
1558.04,6718.72,NA,47,Pik3c2b
1647.6,6772.52,NA,47,Nol9
1829.52,6875,NA,47,Fmnl1
2009.44,6757.36,NA,47,Uvrag
1727.44,6800.24,NA,47,Cars2
1560.4,7044.96,NA,47,Coro1a
1560.04,7017.28,NA,47,Cuedc1
1544.56,6760.32,NA,47,Lrwd1
1884.16,6792.12,NA,47,Ptcd1
1925.08,6830.04,NA,47,Klhl21
1835.12,6756.84,NA,47,Wdr92
1789.56,6874.52,NA,47,Hmgcll1
1973.24,6748.96,NA,47,Pcdh1
1802.52,6724.68,NA,47,Pcdh1
1830.16,6878.16,NA,47,Pcdh1
1686.2,6730,NA,47,Pik3cd
1906.48,6858.12,NA,47,Furin
1971.84,6714.04,NA,47,Furin
1996.92,6778.92,NA,47,Pxk
1902.84,6850.64,NA,47,Pxk
1896.36,6868.36,NA,47,Taf5l
1767.32,6730.84,NA,47,Golph3l
1748.8,6700.32,NA,47,Trim11
1725.96,6796.96,NA,47,Iqce
1706.36,6670.84,NA,47,Med12
1767.04,6674.72,NA,47,Rpa2
1986.32,6793.16,NA,47,Rpa2
1740.32,6678.52,NA,47,Zfp954
1541.76,6727.04,NA,47,Slc19a2
1826.28,6678.6,NA,47,Tmod1
1800.96,6859.84,NA,47,Tmod1
1543.28,6853.44,NA,47,Fkbp15
2027.8,6744.36,NA,47,Sdc4
1538.2,6843.92,NA,47,Sdc4
1671.92,6734.12,NA,47,Kcnq3
1916.68,6669.4,NA,47,Kcnq3
1951.36,6762.32,NA,47,Senp1
1755.56,6745.52,NA,47,Slc7a5
1554.92,7015.88,NA,47,Far2
1911.12,6707.92,NA,47,Qser1
1685.68,6667.32,NA,47,Pde7a
1953.36,6798.12,NA,47,Pde7a
1923.16,6808.28,NA,47,Csgalnact2
1728.76,6665,NA,47,Krba1
1690.32,6720.84,NA,47,Gss
1904.2,6833.44,NA,47,Kcnc4
1958.28,6696.08,NA,47,Kcnc4
1686.04,6693.88,NA,47,Kcnc4
1997.24,6768.48,NA,47,Pus10
1922.56,6853.08,NA,47,Pard3
1759.72,6815.2,NA,47,Tdp1
1689.96,6841.48,NA,47,Tubgcp4
1722.4,6699.76,NA,47,Tmem231
1974,6668.96,NA,47,Arhgef1
1850.12,6709.6,NA,47,Doc2a
1554.76,6891,NA,47,Kdm5d
1703.24,6667.68,NA,47,Zgpat
1904.16,6855.76,NA,47,Zgpat
1602.8,6711.4,NA,47,Rasd2
1746.4,6683.6,NA,47,Rasd2
1879.16,6712.64,NA,47,Amacr
1745.4,6660.32,NA,47,Zw10
1902.24,6810.92,NA,47,Zw10
1883.64,6719.64,NA,47,Sox8
1841.08,6690.96,NA,47,Igsf3
1977.68,6670.6,NA,47,St5
1812.44,6697.48,NA,47,St5
1571.52,6842.52,NA,47,Ano8
1689.08,6813.2,NA,47,Trp53i11
1926.12,6807.84,NA,47,Trp53i11
1541.2,6823.24,NA,47,Idh2
1849.32,6713.6,NA,47,Arvcf
1685.16,6744.6,NA,47,Hdac7
1828,6878.68,NA,47,Tmem181b-ps
1977.88,6701.64,NA,47,Ap4b1
1863.36,6716.88,NA,47,Csf2ra
1887.32,6796.04,NA,47,Kctd12b
1658.92,6759.12,NA,47,Nlrx1
1846.56,6886.28,NA,47,Tbc1d30
1869.36,6740.12,NA,47,Tbc1d30
1738.72,6804.72,NA,47,Ccnt1
1698.96,6683.96,NA,47,Gprin3
1867.92,6737.08,NA,47,Gprin3
1961.8,6796.24,NA,47,Zbtb1
1661,6765.6,NA,47,Zbtb1
1807.4,6874.48,NA,47,Hdac10
1735.12,6761.08,NA,47,Zfp553
1644.32,6717.36,NA,47,R3hcc1
1966.08,6706.2,NA,47,Bbs2
1896.72,6840.48,NA,47,Cygb
1880.44,6697.72,NA,47,Cygb
2000.92,6760.6,NA,47,Pde12
1551.68,6983.36,NA,47,Dcp1a
1723.12,6777.24,NA,47,Sh3bgrl2
1863.88,6876.76,NA,47,Sh3bgrl2
1990.76,6694.4,NA,47,Sh3bgrl2
1855.72,6737.4,NA,47,Sh3bgrl2
1795.36,6840.8,NA,47,Iglon5
1692.76,6749,NA,47,Iglon5
1923.56,6787.36,NA,47,Iglon5
1584.64,6716.92,NA,47,Zfp518b
1704.6,6735.8,NA,47,Zfp518b
2020.56,6705.4,NA,47,Dfna5
1681.56,6680.68,NA,47,Slc35c1
1640.64,6763.8,NA,47,Aars2
1717,6754.16,NA,47,Tbc1d8
1943.68,6809.6,NA,47,Axin2
1967.44,6696.16,NA,47,Dcun1d3
1876.48,6700.88,NA,47,Zswim3
1734.04,6755.2,NA,47,Plxna3
1989.6,6787,NA,47,G6pdx
1536.32,6955.72,NA,47,Garnl3
2005.64,6791.2,NA,47,Garnl3
1791.32,6731.76,NA,47,Garnl3
1882.04,6748.2,NA,47,Grik4
1653.44,6672,NA,47,P2rx4
1881.24,6709.28,NA,47,P2rx4
1980.32,6753.6,NA,47,Simc1
1971.28,6670.04,NA,47,Eps8
1906.2,6782.92,NA,47,Foxred2
1926.88,6789.92,NA,47,Ttll12
1628.4,6894.04,NA,47,Ttll12
2016.52,6719.8,NA,47,Fgf9
1662.08,6758.48,NA,47,Lix1l
1845.8,6697.36,NA,47,Lss
1683.28,6735.28,NA,47,Polk
1839.6,6751.96,NA,47,Polk
1736.36,6808.88,NA,47,Samd14
1812.24,6873.52,NA,47,Galnt14
1715.12,6715.28,NA,47,Galnt14
1566.96,6836.6,NA,47,Galnt14
1906.16,6861.24,NA,47,Zfp212
1797.68,6882.48,NA,47,Cep192
1645.4,6789.44,NA,47,Gpatch2l
1758.88,6883.8,NA,47,Med26
1997.44,6766.32,NA,47,Lrrc61
1825.32,6873.52,NA,47,Txnl4b
1628.6,6732.12,NA,47,Bag3
1886.88,6839.24,NA,47,Zfp280b
1913.4,6825.32,NA,47,Syngap1
2002.88,6678.72,NA,47,Syngap1
1737.32,6751.36,NA,47,Wars2
1645.48,6956.84,NA,47,Pitpnm3
1990.96,6694,NA,47,Pitpnm3
1836.72,6876.28,NA,47,Cdc42ep3
1888.96,6776.24,NA,47,Ephb1
1983.36,6810.88,NA,47,Ephb1
1980.04,6701.52,NA,47,Mad2l1bp
1840.8,6675.24,NA,47,Shb
1707.04,6745.76,NA,47,Tmem120b
1885.36,6840.92,NA,47,Ttc38
1785.36,6696.16,NA,47,Gfra1
1926.44,6733.64,NA,47,Zfp784
2004.36,6762.72,NA,47,Hcrtr2
1687.16,6691.96,NA,47,Csf1r
1960,6702.8,NA,47,Tmem144
1739.72,6677.88,NA,47,Gab2
1908.8,6824.2,NA,47,Cln6
1789.64,6660.52,NA,47,Tnfaip3
1824.8,6711.52,NA,47,Tnfaip3
1767.36,6789.4,NA,47,Eif4ebp2
1795.56,6879.64,NA,47,Slc24a4
1617,6724.36,NA,47,Ring1
1983.72,6760.52,NA,47,Armc5
1631.12,6682.64,NA,47,Armc5
1545.24,6818.6,NA,47,Spef1
1857.44,6740.12,NA,47,Metrnl
1807.36,6691.44,NA,47,Sema5a
1941.52,6778.6,NA,47,Rad51ap2
1855.24,6714.84,NA,47,Rad51ap2
1881.64,6786.44,NA,47,Slc25a20
1567.44,6843.16,NA,47,Slc25a20
1646.52,6717.32,NA,47,Mtss1l
1978.2,6666.68,NA,47,Mtss1l
1894.36,6770.48,NA,47,Mtss1l
1571.12,6682.28,NA,47,Mtss1l
1940.08,6814.52,NA,47,Mtss1l
1843.44,6871.72,NA,47,Myo1c
1881.28,6747.4,NA,47,Myo1c
1904.96,6869.88,NA,47,Cnnm4
1878.44,6871.72,NA,47,Xkr6
1819.68,6734.04,NA,47,Ikzf4
1916.72,6812.48,NA,47,Nxpe4
1715.12,6728.4,NA,47,Abcg2
1542.24,6820.16,NA,47,Fat1
1870.16,6718.48,NA,47,Fat1
1742.72,6678.76,NA,47,Slc35d1
1559.8,6975.8,NA,47,Clip2
1996.84,6805.32,NA,47,Clip2
1754.48,6808.08,NA,47,Hcn2
1725.24,6661.28,NA,47,Bcas1
1919.2,6803.2,NA,47,Zc3h12c
1823.4,6871.48,NA,47,Mzf1
1563.44,6841.44,NA,47,Mzf1
1837.84,6873.96,NA,47,Thg1l
1798,6664.84,NA,47,Zfp787
2001.84,6748.72,NA,47,Nup98
1970.8,6746.52,NA,47,Bmp2
1871.12,6880.44,NA,47,Bmp2
1540.32,6845.32,NA,47,Prr18
1948.2,6779.08,NA,47,Pafah2
1729.44,6879.72,NA,47,Ddx59
1963.04,6801.24,NA,47,Ddx59
1891.48,6726.48,NA,47,Zhx3
2029.16,6704.68,NA,47,Zhx3
1999.84,6741.4,NA,47,Pqlc2
1873.72,6715.68,NA,47,Pqlc2
1711.76,6777.16,NA,47,Plagl2
1539.72,6822.2,NA,47,Nfya
1794.6,6751.84,NA,47,Sp2
1902.6,6667.44,NA,47,Rhpn1
1777.56,6731.56,NA,47,Zdhhc15
1844.92,6865.52,NA,47,Slc35a3
1645.2,6680.56,NA,47,Tatdn2
1714,6701,NA,47,Kcnn3
1972.2,6703.28,NA,47,Fam219a
1656.92,6791.52,NA,47,Mtap
1923.12,6709.52,NA,47,Morn1
1576.8,7082.52,NA,47,Morn1
1562.2,6893.24,NA,47,Sema4b
1838.32,6871.6,NA,47,Gpr17
1670.76,6775.12,NA,47,Rhbdf1
1624,7046.56,NA,47,Maf
1861.6,6719.8,NA,47,Maf
1700.2,6682.04,NA,47,Pdzrn3
2001.6,6785.12,NA,47,Adamts4
1686.96,6713.16,NA,47,Tsen54
1735.2,6804.64,NA,47,Zfp408
1720.6,6745.28,NA,47,Pcsk1
1918.12,6756.44,NA,47,Pcsk1
1948.24,6739.16,NA,47,Rab11fip4
1542.8,6875.08,NA,47,Rab11fip4
1778.4,6677.28,NA,47,Dap
1971.28,6712.84,NA,47,Dap
1567.72,6737.28,NA,47,Dap
1721.48,6731.64,NA,47,Gramd4
1566.68,7067.6,NA,47,Calhm2
1556.52,7018.64,NA,47,Trp53inp1
1678.92,6750.88,NA,47,Trp53inp1
1943.8,6819.24,NA,47,Tldc1
1895.2,6770.4,NA,47,Tldc1
1911.64,6708.64,NA,47,Hps1
1937.48,6798.44,NA,47,Trim62
1593.76,6703.28,NA,47,Has3
1895.32,6795,NA,47,Has3
1991.16,6806.28,NA,47,Cbln4
1868.52,6880.72,NA,47,Rin2
1557.04,6888.8,NA,47,Rin2
1870.52,6706.48,NA,47,Gcfc2
1709.32,6670,NA,47,Tns3
1562.68,6841.6,NA,47,Sun2
1782.8,6856.24,NA,47,Zcchc24
1569.92,6991.44,NA,47,Zfp449
1557.64,6898,NA,47,Ston2
1611.68,6662.84,NA,47,Rgs16
1848.16,6721.52,NA,47,Yap1
1637.36,6723.92,NA,47,Zfp219
1809.2,6660.52,NA,47,Clic5
1626.8,6738.36,NA,47,Hes6
1657.4,6728.28,NA,47,Gsg1l
1926.68,6715.56,NA,47,Gsg1l
1653.68,6753.68,NA,47,Nfil3
1987.56,6671.72,NA,47,Ctdsp1
1888.24,6701.36,NA,47,Ctdsp1
1817.52,6856.76,NA,47,Nek7
1566.24,6805.2,NA,47,Ttc7
1800.12,6832.48,NA,47,Slc26a10
1797.36,6875.08,NA,47,Tmem121
1875.4,6701.32,NA,47,Ldhd
1693.88,6668.36,NA,47,Chsy3
1705.04,6734.8,NA,47,C1qtnf6
1549.64,6860.24,NA,47,Gpt
1943.2,6823.68,NA,47,Cry1
1722.64,6752.4,NA,47,Irak2
1923.48,6736.16,NA,47,Tcf7l2
1989.84,6809.12,NA,47,Tshz1
1741.84,6758.44,NA,47,Anks6
1567.96,6998.24,NA,47,Agtrap
1549.84,7038.72,NA,47,Slc7a2
1589.6,6678.84,NA,47,Kctd16
1933.44,6797.68,NA,47,Kctd16
1924.84,6740.6,NA,47,Kctd16
1595.56,6717.36,NA,47,Kctd16
1586.68,6660.32,NA,47,Kctd16
1803.56,6856.24,NA,47,Myo1e
1724.4,6760.28,NA,47,Peli2
1841.88,6681.52,NA,47,Fam189a2
1918.84,6658.04,NA,47,Fam189a2
1842.16,6757.64,NA,47,Rai2
1707.64,6736.12,NA,47,Pnoc
1904.52,6860.64,NA,47,Pla2g4e
1848.04,6695.68,NA,47,Chaf1a
1994.16,6771.68,NA,47,Cpt1a
1846.8,6715.48,NA,47,Cpt1a
1584.48,7071.32,NA,47,Ushbp1
1887.72,6874.56,NA,47,Pi4k2b
1558.04,6792.32,NA,47,Slc37a1
1993.68,6664.64,NA,47,Slc22a8
1887.04,6841.68,NA,47,Blnk
1694.52,6689.76,NA,47,Sesn2
1548.36,6904.24,NA,47,Kcnh2
1763.32,6843.48,NA,47,Otud3
1655.36,6755.84,NA,47,Fcrls
1686.72,6695.12,NA,47,Slc32a1
1789.88,6743.36,NA,47,Slc32a1
2012.96,6696.28,NA,47,Slc32a1
1714.48,6663.28,NA,47,Slc32a1
1584.92,7075.36,NA,47,Fbxl7
1580.16,6689.28,NA,47,Bmp3
1984.76,6774.12,NA,47,Bmp3
1720,6749.28,NA,47,Bmp3
1657.2,6745.32,NA,47,Timeless
1670.76,6773.32,NA,47,Phactr4
1740.6,6806.56,NA,47,Phactr4
1877.44,6724.68,NA,47,Ppp1r3d
1562.32,6843.44,NA,47,Ppp1r3d
1968.96,6744.44,NA,47,Ppp1r3d
1981.92,6812.96,NA,47,Rnf152
1808.2,6729.64,NA,47,Rnf152
1819.48,6666.04,NA,47,Trabd2b
1833.76,6688.48,NA,47,Aurka
1686.2,6751.4,NA,47,Egr3
1979.6,6723.68,NA,47,Phkg1
1692.6,6731.12,NA,47,Pak4
1720.68,6724.72,NA,47,Pak4
1851.64,6728.88,NA,47,Igsf9b
2008.16,6807.4,NA,47,Gpam
1989.84,6808.52,NA,47,Det1
1867.84,6720.64,NA,47,Nfe2l3
1925.56,6716.08,NA,47,Pald1
1537.68,6889.68,NA,47,Ppp1r37
1622.16,7039.64,NA,47,Ppp1r37
1725.8,6799.6,NA,47,Itga10
1945.6,6815.8,NA,47,Megf10
1686.72,6786.8,NA,47,Megf10
1715.28,6836.96,NA,47,Racgap1
1880,6738.8,NA,47,Gpatch3
1797.76,6733.04,NA,47,Styk1
1564.48,7064.96,NA,47,Oplah
1566.84,7001.32,NA,47,Oplah
1702.36,6667.56,NA,47,Arhgap10
1737.4,6743.48,NA,47,Adarb2
1844.48,6697.88,NA,47,Adarb2
1932.8,6656.08,NA,47,Adarb2
1561.36,6991,NA,47,Lamb2
1989.56,6690.44,NA,47,Fam161a
1767.96,6741.32,NA,47,Gjb1
1769.16,6882.48,NA,47,Zfp526
1755.08,6732.32,NA,47,Phldb2
2040.64,6676.48,NA,47,Pard6g
1580.48,6748.56,NA,47,Gsap
1896,6658.92,NA,47,Adhfe1
1955.84,6777.04,NA,47,Rhobtb1
1993.6,6670.52,NA,47,Nqo2
1763.92,6880.44,NA,47,Nqo2
1542.96,6970.56,NA,47,Lrp4
1774.92,6876.6,NA,47,Lrfn1
1552,6815.28,NA,47,Lrrc56
1998.32,6775.84,NA,47,Maats1
1656.2,6674.88,NA,47,Zscan20
1548.88,6819.6,NA,47,Ano1
1814.28,6656.28,NA,47,Ano1
1895.32,6798.28,NA,47,Rcan3
1839.96,6878.48,NA,47,Rcan3
1697.32,6715.64,NA,47,Plcd4
1762.8,6880.32,NA,47,Plcd4
1731.72,6801.08,NA,47,Plcd4
1904.28,6667,NA,47,Wdhd1
1842.64,6879.8,NA,47,Cntn6
1979.56,6678.04,NA,47,Abi3bp
1831.92,6803.08,NA,47,Abi3bp
1643.32,6682.08,NA,47,Hmcn1
1833.08,6875.96,NA,47,Hmcn1
1826.08,6881.4,NA,47,Scd4
1802.6,6731.28,NA,47,Scd4
1770.76,6738.6,NA,47,Pax6
1825.48,6873.92,NA,47,B3gnt8
1925,6712.6,NA,47,B3gnt8
1866,6876.12,NA,47,B3gnt8
1679.52,6792.44,NA,47,Myo1h
1924.84,6747.96,NA,47,Ptgfrn
1900.48,6662.84,NA,47,Ptgfrn
1768.48,6806.84,NA,47,Tmem196
1914.56,6705.84,NA,47,Tmem196
2002.52,6810.72,NA,47,Arhgap24
1689.48,6761.52,NA,47,Mocs1
1800.56,6829.76,NA,47,Kif7
1907.64,6861.32,NA,47,Col16a1
1637.32,6730.44,NA,47,Insc
1845.44,6876.96,NA,47,Fbxl21
1668.6,6673.48,NA,47,Snx8
1698.68,6733,NA,47,Rtbdn
1795.52,6878.52,NA,47,Rhbdd1
1686.96,6814.76,NA,47,Kcnj8
1776.28,6732.72,NA,47,Kcnj8
1544.96,6733.76,NA,47,Arhgap6
1705.68,6774.88,NA,47,Nhlrc3
1877.36,6719.12,NA,47,Fzd6
1681.72,6714,NA,47,Gm10432
1869.08,6880.08,NA,47,Best1
1544.36,6829.04,NA,47,Zfp69
1686.32,6716.56,NA,47,Nynrin
1552.44,6852.56,NA,47,Nynrin
1801.76,6749.96,NA,47,Nynrin
1680.28,6750.16,NA,47,Tes
1904.88,6816.8,NA,47,Bmp4
1615.76,6739.8,NA,47,Kiss1r
1803.76,6792.12,NA,47,Hspb6
1774.44,6812.52,NA,47,Mpeg1
1547.2,6881.08,NA,47,Clcn5
1945.72,6786.32,NA,47,Ptch2
2019.72,6720.68,NA,47,Ptch2
1994.76,6674.8,NA,47,Col3a1
1806.68,6732.08,NA,47,Tor3a
1634.48,6696.24,NA,47,Btbd11
1730.84,6763.04,NA,47,Btbd11
1724.28,6746.92,NA,47,Kcnmb2
1855.76,6731,NA,47,4931408d14rik
1692.36,6689.4,NA,47,Pard6b
1678.72,6720.12,NA,47,Ppef1
1965.52,6765.28,NA,47,B3galt4
1743,6811.76,NA,47,Ccna2
1954.32,6717.28,NA,47,Mms22l
1584.6,7078.76,NA,47,Dll4
1907.16,6853.12,NA,47,Sh3tc1
1959.56,6804,NA,47,Bfsp1
1563,7042.92,NA,47,Bfsp1
1555.48,7014.12,NA,47,Tnc
1846.12,6720.8,NA,47,Clec18a
1865.64,6872.12,NA,47,Clec18a
1977.76,6811.84,NA,47,Clec18a
1621.92,6718.84,NA,47,Adrb2
1967.92,6740.92,NA,47,Cubn
1633.04,6712.04,NA,47,Map4k1
1838.12,6680.56,NA,47,Map4k1
1929.24,6799.04,NA,47,Gfpt2
1809.6,6722.84,NA,47,Foxm1
1811,6777.36,NA,47,Neu3
1725,6869.76,NA,47,Inpp4b
1803.04,6682.8,NA,47,Ptch1
2003.16,6801,NA,47,Rfx2
2016.28,6706.2,NA,47,Egfr
1666.16,6784.4,NA,47,Egfr
1971.6,6791.8,NA,47,Jak3
1844.8,6680.48,NA,47,Adm
1732.8,6760.6,NA,47,Kcnj13
1860.12,6878.12,NA,47,Wnt10a
1779.48,6727.28,NA,47,Tmc4
1799.64,6836.64,NA,47,Tlr2
2010.84,6724.88,NA,47,Spata31d1a
1981.16,6751.04,NA,47,Tnfrsf1a
1536.72,6791.88,NA,47,Fibin
1729.92,6660.8,NA,47,Rgs6
1580.04,6744.44,NA,47,Adap2
1876.76,6670.56,NA,47,Adap2
1944.76,6832.52,NA,47,Fgf5
1998.96,6660.44,NA,47,Dsn1
1668.36,6748.32,NA,47,Gm2518
1950.36,6717.92,NA,47,Rpp25
1958.88,6700.56,NA,47,Rpp25
1656.56,6736.68,NA,47,Lrp2
1812.16,6841.2,NA,47,Nup210l
1889.6,6663.4,NA,47,Fndc7
1660.72,6736.8,NA,47,Trim47
1956.64,6714.32,NA,47,Trim47
1724.76,6737.32,NA,47,Tsks
1780.48,6878.92,NA,47,Tsks
1691.2,6757.08,NA,47,Scarf1
1911.48,6710.44,NA,47,4933407e24rik
1888.04,6699.76,NA,47,Car5b
1946.32,6805.8,NA,47,Grm4
1542.32,6729.72,NA,47,Ect2
1844.32,6717,NA,47,Arhgap30
1980.6,6723.68,NA,47,Acan
1541.76,6846.96,NA,47,Ifih1
1836.32,6707.24,NA,47,Dok1
1734.44,6776.36,NA,47,Nudt12
1896.32,6849.76,NA,47,Abhd15
1763.2,6882.36,NA,47,Sgms2
1542.64,6844.2,NA,47,Mamstr
1713.88,6837.2,NA,47,Tigd3
1678.64,6720.68,NA,47,Trpm1
1999.36,6762.16,NA,47,Pax7
1628.52,6708.64,NA,47,Fbxl22
1808.44,6660.6,NA,47,Klhl33
1979.8,6798.36,NA,47,C1qtnf3
1828.76,6869.12,NA,47,Fam111a
1911.28,6822.32,NA,47,Fhl3
1819.32,6756.2,NA,47,Sufu
1786.52,6852.92,NA,47,Zfp663
1717.44,6699.6,NA,47,Dmrt3
1537.92,6875.56,NA,47,Ltbp2
1961.04,6717.92,NA,47,C430049b03rik
1832.44,6697.12,NA,47,Igf2os
1905.64,6873.88,NA,47,Zcchc5
2003,6740.12,NA,47,Aox3
1672.52,6746.32,NA,47,Aox3
1747.12,6681.32,NA,47,Tnip3
1691.2,6689.92,NA,47,Bcam
1833.72,6850.36,NA,47,Nkpd1
1903.48,6870.88,NA,47,Gpr55
1639.84,6764.36,NA,47,Ptger1
1995.8,6762.32,NA,47,Ptger1
1962.2,6721.76,NA,47,Baat
1604.44,6896,NA,47,Nox1
1914.28,6806,NA,47,D930020b18rik
1545.04,6848.08,NA,47,Upk1a
1807.4,6718.16,NA,47,Ptgir
1760.2,6879.12,NA,47,Rs1
1735.4,6741.12,NA,47,Rs1
1815.12,6882,NA,47,Osm
1587.4,6718.96,NA,47,Irf5
1720.76,6745.84,NA,47,Mybl1
1536.04,6948.12,NA,47,Kif18b
1993.28,6674.92,NA,47,Tmem51
1563.96,6827.8,NA,47,Zp2
1883.92,6795.44,NA,47,Ccdc178
1717.6,6838.84,NA,47,Efcab11
1832.6,6872.36,NA,47,Erbb2
1847.24,6771.76,NA,47,S1pr2
1932.8,6770.96,NA,47,E430016f16rik
1943.6,6777.96,NA,47,Hrnr
1556.64,6738.88,NA,47,Mylk4
1742.12,6662.08,NA,47,Vipr2
1663.12,6733.24,NA,47,Hgfac
1657.6,6750.44,NA,47,Slc44a3
1906.76,6733.88,NA,47,Nlrp10
1820.6,6872.32,NA,47,Otop3
1657.44,6744.4,NA,47,Popdc2
1636.52,6735.16,NA,47,Mab21l2
1741.84,6667.8,NA,47,Otop2
1956.68,6815.08,NA,47,Slc5a1
1788.68,6790.36,NA,47,Sprtn
1676.96,6713.08,NA,47,Sprtn
1910.08,6858.92,NA,47,Chrna2
1560.56,6991.48,NA,47,Chrna2
1986.16,6778.24,NA,47,Arhgef37
1758.48,6689.16,NA,47,Traf3ip3
1952.92,6769.84,NA,47,Serpina12
1734.36,6716.48,NA,47,Ell3
1781.76,6695.28,NA,47,Ckm
1683.16,6715.08,NA,47,Aknad1
1544.96,6831.52,NA,47,Mab21l3
1873,6876.64,NA,47,Sytl5
1970.24,6774.32,NA,47,Akap3
1862,6876.04,NA,47,Foxl2
1542.04,6764.76,NA,47,Rsph6a
1893.72,6794.56,NA,47,Apof
1957.44,6719.2,NA,47,Slc25a45
1951.48,6795.88,NA,47,Dennd2d
1744.32,6682.76,NA,47,Gcm1
1900.04,6666.24,NA,47,Tph2
1745.24,6671.92,NA,47,Cd101
1811.72,6719.24,NA,47,Asb10
1826.48,6870.48,NA,47,Ccer1
1904.8,6708.32,NA,47,Adam18
1834.16,6856.68,NA,47,Itih1
1832.88,6871.96,NA,47,Dennd2c
1888.56,6871.68,NA,47,Clcnkb
1874.52,6704.8,NA,47,Ccdc150
1820.72,6875.88,NA,47,Noto
1592.4,7068.48,NA,47,Ano9
1718.24,6705.36,NA,47,Ano9
1703.36,6662.32,NA,47,Mdfi
1685.52,6684.24,NA,47,Aspg
1755.88,6751.8,NA,47,Prame
1843.56,6695.88,NA,47,Adtrp
1775.28,6703.24,NA,47,Svs1
1784.36,6746.84,NA,47,Nod2
1686.68,6724.44,NA,47,Ebf3
1980.92,6804.52,NA,47,Gzmb
1821.08,6707.24,NA,47,Gzmb
1899.84,6873.36,NA,47,Gzmb
1758.4,6746.24,NA,47,Map3k7cl
1563.44,7014.8,NA,47,Abcg5
1632.76,6694.64,NA,47,Slc13a2
1735.24,6714,NA,47,Meox1
1681.24,6743.92,NA,47,Gm16130
1640.48,6684.92,NA,47,Gm16130
1555.84,6735.44,NA,47,Foxn1
1910.32,6666.04,NA,47,Abcg3
1842.6,6696.6,NA,47,Tsku
1718.72,6737.2,NA,47,Tdrd9
1985.76,6657.84,NA,47,Neurog3
1702.32,6817.56,NA,47,Neurog3
1724.32,6705.12,NA,47,Neurog3
2003.08,6768.2,NA,47,Trim69
2001.24,6745.52,NA,47,Gm6583
1781.76,6700.12,NA,47,Foxd3
1866,6873.64,NA,47,Cd180
1640.48,6679.64,NA,47,Lax1
1910.36,6857.4,NA,47,Fmo2
1996.52,6778.16,NA,47,Calcr
1886.44,6700.24,NA,47,Wnt9b
1828.2,6877,NA,47,Pga5
1556.44,6740.68,NA,47,Pmel
1560.4,7035.8,NA,47,Card11
1810.4,6727.56,NA,47,Insm2
1538.32,6933.84,NA,47,Krt78
1551.36,6764,NA,47,Gfi1
1683.12,6720.56,NA,47,Mmp25
1903.96,6856.76,NA,47,Abca14
1835.24,6872.44,NA,47,Epha1
1905.8,6669,NA,47,Ptgfr
1915.88,6788.48,NA,47,Ptgfr
1967.8,6706.84,NA,47,Fezf1
1633.72,6749.8,NA,47,D7ertd143e
1735.32,6672.6,NA,47,Hes3
1621.04,6657.88,NA,47,Hoxd9
1704.88,6735.36,NA,47,Abca15
1725.04,6757.84,NA,47,Oas3
1639.12,6741.2,NA,47,Ercc6l
1911.96,6781.56,NA,47,Atp1b4
1743.44,6705.24,NA,47,Atp1b4
1868.92,6878.12,NA,47,Atp1b4
1956.96,6805.68,NA,47,Slc6a2
1757.92,6810.92,NA,47,Pgk2
1727.52,6779.4,NA,47,Krt36
1809.8,6877.44,NA,47,Cxcr3
1794.8,6832.08,NA,47,Kcnj1
1695.88,6749.24,NA,47,Myo1f
1706.36,6771.64,NA,47,Slfnl1
1877.28,6748.96,NA,47,Casp14
1720.64,6724.8,NA,47,Casp14
1956.32,6823.8,NA,47,Gm853
1580.36,6747.16,NA,47,Phox2b
1845,6875.2,NA,47,Dpys
1651.84,6751.88,NA,47,Doxl2
1911.28,6826,NA,47,Slc34a3
1675.88,6768.92,NA,47,Il1rl2
1791.76,6880.24,NA,47,Wdr64
1688.76,6728.68,NA,47,Wdr64
1908.48,6855.48,NA,47,Trim14
1980.36,6810.64,NA,47,Kcnk18
1811.16,6722.44,NA,47,Kcnk18
1685,6665.68,NA,47,Gdf3
1889.56,6798.36,NA,47,Rab44
1964.12,6778.56,NA,47,Slc22a16
1563.84,6991,NA,47,Slc22a16
1691.16,6661.64,NA,47,Aqp6
1599.44,6703,NA,47,Aqp6
1755.2,6813.68,NA,47,Adam30
1991.64,6657.92,NA,47,Ccdc105
1988.6,6657.48,NA,47,Mrgprh
1914.04,6709.2,NA,47,Tex22
1968.84,6752.96,NA,47,Foxi1
1778.44,6704.36,NA,47,Cyp4f39
1874.72,6719.04,NA,47,Cxcr6
1570.72,6976.12,NA,47,Abat
1894.88,6741.96,NA,47,Abat
1819.68,6877.76,NA,47,Abat
1689.16,6733.16,NA,47,Abca8a
1587.24,6754.36,NA,47,Ablim2
1603.84,6821.2,NA,47,Acad11
1557.48,6833,NA,47,Acad11
1569.28,6838.08,NA,47,Acbd5
1935.44,6841.24,NA,47,Ace
1726.68,6717.2,NA,47,Ackr3
1574.16,6835.96,NA,47,Acox1
1574.76,6902.96,NA,47,Acsbg1
1904,6832.68,NA,47,Acsbg2
1910.76,6665.8,NA,47,Acsbg2
1753.12,6690.2,NA,47,Acsl5
2012.52,6751.28,NA,47,Acss1
1852.28,6876.04,NA,47,Actr10
1914.84,6848.2,NA,47,Actrt3
1566.24,6848.08,NA,47,Adam11
1870.68,6883.16,NA,47,Adam12
1913.48,6663.72,NA,47,Adamts13
1831.52,6870.2,NA,47,Adamts2
1843.48,6866.88,NA,47,Adap1
1986.32,6727.64,NA,47,Adck5
1680.76,6781.92,NA,47,Adcy1
1826.28,6719.32,NA,47,Adcy1
1569.12,7005.4,NA,47,Adcy3
1686.08,6659.68,NA,47,Adcy3
1893.56,6705.52,NA,47,Adcy9
1730.4,6769.2,NA,47,Adcy9
1987.64,6718.36,NA,47,Adh7
1959.76,6827.4,NA,47,Adipor1
1999.6,6796.6,NA,47,Aff2
1940.68,6668.68,NA,47,Afg3l2
1816.48,6692.24,NA,47,Afg3l2
1962.64,6764.4,NA,47,Afg3l2
1816.52,6872.88,NA,47,Afg3l2
1700.72,6731.92,NA,47,Afg3l2
2010.84,6664.12,NA,47,Afg3l2
1859.12,6701.64,NA,47,Afg3l2
2002.16,6782.76,NA,47,Agap2
1675.24,6776.16,NA,47,Agap2
1860.84,6750.16,NA,47,Agap2
1854.28,6722.16,NA,47,Agap2
1705.52,6676.16,NA,47,Agap2
1913.32,6820.32,NA,47,Agap2
1564.88,7017.24,NA,47,Agap2
1796.44,6684.2,NA,47,Agpat3
1747.16,6750.36,NA,47,Agps
1931.48,6847.08,NA,47,Agps
1848.32,6713.4,NA,47,Ahr
1747.2,6696.2,NA,47,Ahrr
1894.96,6706.32,NA,47,Akap1
1797.6,6704.16,NA,47,Akap5
1694.4,6704.44,NA,47,Akap5
1707.64,6789.2,NA,47,Akap6
1575.68,6906.76,NA,47,Akap6
1890.16,6682.24,NA,47,Akap6
1658.36,6965.04,NA,47,Akap6
1691.8,6710.72,NA,47,Akt3
1688.68,6716.52,NA,47,Aldh2
1981.84,6662,NA,47,Aldh2
1878.16,6709.92,NA,47,Aldh3a1
1785.84,6882.6,NA,47,Alox12b
1627.52,6714.84,NA,47,Als2cl
1847.08,6878.08,NA,47,Als2cl
1614.2,6669.72,NA,47,Als2cl
1996.08,6783.2,NA,47,Alx4
1691.04,6681.32,NA,47,Ambra1
1931.24,6700.56,NA,47,Ankrd13d
1660.72,6785,NA,47,Ankrd24
1669.6,6728.76,NA,47,Ankrd28
1820.36,6876.6,NA,47,Ankrd44
1983.56,6716.04,NA,47,Ankrd52
1588.04,6660.8,NA,47,Ankrd52
1541.8,6719.6,NA,47,Anks4b
1747.76,6748.28,NA,47,Ano6
1866.84,6804.48,NA,47,Anxa6
1744.4,6706.44,NA,47,Anxa6
1738.96,6790.16,NA,47,Anxa6
1746.2,6756.92,NA,47,Ap1b1
1561.16,6823.72,NA,47,Ap2a1
1641.12,6730.12,NA,47,Ap3b2
1645.04,6730,NA,47,Ap3b2
1886,6706.48,NA,47,Ap5b1
1703.84,6789.32,NA,47,Aph1b
1779.52,6883.56,NA,47,Apod
1540.76,6718.12,NA,47,Appl2
1656,6690.88,NA,47,Aqp4
1551.4,6759.64,NA,47,Arap1
2011.44,6765.04,NA,47,Arap1
1843.36,6876,NA,47,Arc
1844.08,6705.24,NA,47,Arc
1868.8,6711.88,NA,47,Arfgap1
1918.64,6675.44,NA,47,Arfgap1
1871.16,6739.32,NA,47,Arfgap1
1751.08,6813.24,NA,47,Arhgap12
1813.84,6784,NA,47,Arhgap19
1828.36,6876.8,NA,47,Arhgef28
1706.36,6687.08,NA,47,Arl13b
1946.32,6819.32,NA,47,Arl5c
1549.92,6901.04,NA,47,Armc7
1777.52,6809.2,NA,47,Armc7
1558.08,6900.88,NA,47,Arrb1
1577.88,6989.52,NA,47,Artn
1854.28,6678.28,NA,47,Astl
1929.96,6843.84,NA,47,Astn1
1959.76,6801.96,NA,47,Atg4c
1695.68,6779.64,NA,47,Atp4a
1870.16,6702.08,NA,47,Atp4a
1830.76,6758.04,NA,47,Atp6v1b1
1927.44,6710.28,NA,47,Atpaf2
1965.56,6775,NA,47,Atrnl1
1561.76,7044.48,NA,47,Axl
1872.6,6732.08,NA,47,B3galnt1
1995.56,6671.28,NA,47,B3galnt2
1633,6743.56,NA,47,B3galnt2
1674.64,6791.64,NA,47,B3galt2
1725.56,6717.48,NA,47,B3galt2
1622.52,6694.6,NA,47,B3galt6
1757.96,6692.88,NA,47,B4galt2
1587.04,6752.64,NA,47,B4galt3
1829.4,6799.04,NA,47,B4galt5
1766.44,6690.56,NA,47,B4galt7
1630.52,6714.48,NA,47,Bambi
1756.12,6751.52,NA,47,Bap1
1935.24,6754,NA,47,Bard1
1977.56,6790.44,NA,47,Barhl1
1631,6734.36,NA,47,Bbs12
1578.36,7063.16,NA,47,Bbs12
1897.36,6714.2,NA,47,Bbs4
1814.92,6879.6,NA,47,Bdkrb1
1733.76,6790.96,NA,47,Bend3
1724.96,6659.6,NA,47,Bhlhe41
1993.04,6729.48,NA,47,Bicd2
1623.52,6687.6,NA,47,Bivm
1864.24,6739.24,NA,47,Bivm
1914.04,6826.04,NA,47,Bmp8a
1691.04,6707.64,NA,47,Bms1
1556.8,7010.36,NA,47,Bpifb4
1656.64,6690.24,NA,47,Brd2
1955.24,6816.76,NA,47,Brf2
1611.16,6714.32,NA,47,Brpf3
1692.68,6743.68,NA,47,Brpf3
1778.12,6699.12,NA,47,Brpf3
1875.08,6722,NA,47,Bub1b
1703.24,6753.24,NA,47,C030029h02rik
1779.8,6720.08,NA,47,C2cd2
1536.64,6805.4,NA,47,Cacna1b
1924.68,6849.48,NA,47,Cacna1g
1577.88,7071.32,NA,47,Cacna1g
1981.28,6711.92,NA,47,Cacna1g
1908.24,6831.56,NA,47,Cacna1g
1754.04,6667.32,NA,47,Cacna1g
1551.4,7034.8,NA,47,Cacng3
1722.96,6693.8,NA,47,Cactin
1995.92,6809.52,NA,47,Camk1g
1916.24,6678,NA,47,Camkk1
1629,6709.48,NA,47,Capn13
1926,6670.16,NA,47,Car2
1605.48,6871.16,NA,47,Car2
1642.32,6751,NA,47,Cars
1543.84,6821.52,NA,47,Caskin2
1987,6659.12,NA,47,Casq2
1901.96,6768.6,NA,47,Cc2d1a
1879.52,6777.44,NA,47,Ccar2
1693.28,6693.28,NA,47,Ccdc126
1855.92,6673.12,NA,47,Ccdc130
1823.56,6874.48,NA,47,Ccdc157
1787.48,6743.32,NA,47,Ccdc97
1582,7063.76,NA,47,Ccser1
1969.04,6799.04,NA,47,Cct8l1
1871.76,6728.72,NA,47,Cd96
1896.84,6843.52,NA,47,Cd99l2
1868.8,6740.76,NA,47,Cdc45
1754.68,6749.52,NA,47,Cdc45
1541.8,6753.56,NA,47,Cdc5l
1832.28,6677.76,NA,47,Cdc5l
1963.48,6818.68,NA,47,Cdc5l
1687.96,6760.52,NA,47,Cdh18
2011.28,6764.08,NA,47,Cdh23
2011.36,6742.68,NA,47,Cdk16
1783.84,6675.76,NA,47,Cdk16
1789.32,6780.48,NA,47,Cdk16
1963.68,6748.72,NA,47,Cdkl5
1801.64,6723.68,NA,47,Cebpz
1953.24,6778.88,NA,47,Celsr3
1615.68,6662.32,NA,47,Cep152
1989.52,6726.32,NA,47,Cep164
1606.92,6712.28,NA,47,Cep170b
1994.88,6678.56,NA,47,Cep170b
1730.24,6795.04,NA,47,Cep170b
1541.68,7047.2,NA,47,Cep170b
1711.96,6838.72,NA,47,Cep170b
1696.44,6776.92,NA,47,Cep350
1902.64,6804.92,NA,47,Cep85
1944.8,6829.2,NA,47,Cep89
1891.28,6685.84,NA,47,Chdh
1701.52,6728.4,NA,47,Chrm1
1604.68,6714.76,NA,47,Chrm2
1555.12,6837.04,NA,47,Chrna5
1700.2,6811.24,NA,47,Chrna7
1837.52,6747,NA,47,Chrna7
1547.4,7049.64,NA,47,Chst2
1966.16,6770.6,NA,47,Chst3
1555.84,6955.64,NA,47,Chst7
1934.48,6710.04,NA,47,Chst7
1638.44,6656,NA,47,Ciapin1
1725.28,6775.16,NA,47,Cinp
1908.36,6859.88,NA,47,Ckap2l
1614.04,6901.16,NA,47,Ckap4
1710.36,6701.56,NA,47,Cldn18
1880.04,6736.48,NA,47,Cldn5
1764.56,6687.12,NA,47,Cldn9
2007.28,6812.4,NA,47,Cldn9
1948.92,6807.04,NA,47,Clec16a
2005.44,6788.28,NA,47,Clip1
1804,6746.24,NA,47,Clstn2
1821.92,6690.12,NA,47,Clstn2
1819,6813.56,NA,47,Cmtm3
1844.64,6874.4,NA,47,Cmtm3
1639.24,6734.84,NA,47,Cmtr1
1598.2,6712.08,NA,47,Cnga4
1978.68,6725.08,NA,47,Cnppd1
1902.12,6877.88,NA,47,Cnpy1
1704.56,6694.44,NA,47,Cnpy3
1541.56,6721.96,NA,47,Cnr2
1682.72,6705,NA,47,Cntn2
1796.4,6862.48,NA,47,Cntnap5b
1828.76,6671.28,NA,47,Cog8
1844.6,6698.92,NA,47,Col11a2
1999.36,6672.72,NA,47,Col19a1
1893,6687.52,NA,47,Col24a1
2012.28,6810.48,NA,47,Col28a1
1823.64,6714.8,NA,47,Col6a2
1847.36,6696.72,NA,47,Colgalt2
1672.88,6768.96,NA,47,Comp
1702.12,6738.92,NA,47,Cox15
2011.4,6740.4,NA,47,Cox15
1627.36,6748.4,NA,47,Cpped1
1808.28,6841,NA,47,Cpsf4
1782.92,6888.56,NA,47,Cpsf4
1975.24,6792,NA,47,Crb2
1743.08,6811.52,NA,47,Crim1
1889.68,6879.6,NA,47,Crot
1730.72,6878.12,NA,47,Crtac1
1546.44,6776.76,NA,47,Cs
1655.32,6778.6,NA,47,Csk
2012.88,6664.92,NA,47,Csk
1573.08,6829.12,NA,47,Csnk1d
1849.76,6710.08,NA,47,Csnk1d
1819.36,6718.52,NA,47,Csnk1g3
2007.44,6787.76,NA,47,Cspp1
1979.56,6669.28,NA,47,Cst6
1985.28,6745.92,NA,47,Ctcf
2030.84,6713.96,NA,47,Ctcf
1727.4,6855.2,NA,47,Ctif
1844.56,6736.84,NA,47,Ctif
1645.48,6704.8,NA,47,Ctnnd2
1542.96,6933.88,NA,47,Ctsf
1566.12,6731.4,NA,47,Ctsf
1870.4,6810.88,NA,47,Cul3
1741.08,6701.8,NA,47,Cux2
1754.52,6698,NA,47,Cux2
1844.8,6782.96,NA,47,Cwc25
1987.88,6667.4,NA,47,Cyp11a1
1543.28,6870.04,NA,47,Cyp1a1
1806.96,6762.76,NA,47,Cyp24a1
1993.84,6776.12,NA,47,Cyp26b1
1820.2,6722.36,NA,47,Cyp26b1
1987.16,6776.36,NA,47,Cyp26b1
1906.6,6862.72,NA,47,Cyp2u1
1632.24,6685.44,NA,47,Cyp4v3
1905.24,6825.6,NA,47,Dab2ip
1646,6669.8,NA,47,Dab2ip
1550.16,6816.76,NA,47,Dach1
1562.44,7053.24,NA,47,Dach1
1599.76,6689.24,NA,47,Dact1
1554.52,6745.28,NA,47,Dact1
1983.32,6766.72,NA,47,Daxx
1723.4,6661.68,NA,47,Dbt
1964.8,6706.72,NA,47,Dcaf12l2
1572,6911.52,NA,47,Dcaf5
1740.36,6766.8,NA,47,Dcaf5
2002.28,6722.2,NA,47,Dcaf8
1981.4,6713.8,NA,47,Dcaf8
1885.4,6877.76,NA,47,Dcakd
1677.24,6795.64,NA,47,Dcakd
1693.96,6747.8,NA,47,Dcbld2
1765.32,6755.64,NA,47,Dcc
1694.76,6672.12,NA,47,Dchs1
1985.48,6672.08,NA,47,Ddc
1678,6734.08,NA,47,Ddc
1877.2,6727.72,NA,47,Ddx21
1707.12,6731.76,NA,47,Ddx28
1965.8,6805.2,NA,47,Ddx47
2009.12,6737.8,NA,47,Ddx54
1923.2,6845.96,NA,47,Deaf1
1865.72,6878.8,NA,47,Dedd2
1667.2,6790.08,NA,47,Depdc5
1918.68,6853.56,NA,47,Dhrs7b
1888.8,6799.28,NA,47,Dhrs9
1853.36,6678.68,NA,47,Dido1
1697.44,6743.68,NA,47,Dio1
1789,6750.28,NA,47,Dip2a
1558.56,7049.64,NA,47,Dip2a
1857.12,6738.88,NA,47,Dip2c
1698.72,6734.92,NA,47,Dis3
1740.68,6670.24,NA,47,Disc1
1660,6987.68,NA,47,Dlgap3
1890.76,6912.44,NA,47,Dlgap3
1672.52,6667.12,NA,47,Dll1
1731.32,6792.96,NA,47,Dlx1
1901,6714.2,NA,47,Dlx1
1867.64,6801.92,NA,47,Dmpk
1878.88,6719.44,NA,47,Dmrt2
1545.6,6828.36,NA,47,Dmrt2
1620.68,6699.48,NA,47,Dmrtb1
1639.52,6765.2,NA,47,Dmxl2
1909.8,6731.64,NA,47,Dnaic1
2006.28,6789.28,NA,47,Dnaic2
1888.64,6742.92,NA,47,Dnajb12
1758.96,6797.44,NA,47,Dnajb5
1985.68,6697.96,NA,47,Dnajb5
1642.2,6705.32,NA,47,Dnajc22
1799,6732.76,NA,47,Dnal1
1582.44,7070.64,NA,47,Dnal1
1563.12,6733.32,NA,47,Dock3
1847.32,6705.92,NA,47,Dpcr1
1991.56,6678.52,NA,47,Dpf1
1886.04,6708.08,NA,47,Dpysl5
1746.68,6808.8,NA,47,Dpysl5
2006.4,6809.64,NA,47,Dsg4
1788.4,6660.72,NA,47,Dtx3
1603.92,6825.52,NA,47,Dtx3
1753.48,6730.24,NA,47,Dtx3
1964.2,6679.72,NA,47,Dusp26
1713,6671.8,NA,47,Dusp6
1844.08,6737.16,NA,47,Dvl1
1834.52,6781.44,NA,47,Dvl1
1589.28,6928.96,NA,47,Dvl3
1733.2,6798.88,NA,47,Dvl3
1560.88,6856,NA,47,Dvl3
1855.04,6708.68,NA,47,Eapp
1892.16,6692.16,NA,47,Ebf4
1774.76,6798.12,NA,47,Echdc3
1667.8,6728.84,NA,47,Edem3
1959.16,6796.64,NA,47,Eef1d
1805.04,6882.88,NA,47,Efcab5
1575.44,6730.28,NA,47,Efna2
1940.6,6808.8,NA,47,Efna5
1736.6,6756.72,NA,47,Egf
1730.92,6878.92,NA,47,Egf
1788.48,6786.56,NA,47,Eif2s3x
1625,6671.96,NA,47,Eif3l
1716.92,6670.04,NA,47,Eif4h
1983.44,6811.68,NA,47,Eif4h
1748.36,6752.08,NA,47,Elk1
1807.16,6730.16,NA,47,Elk1
1987.8,6691.2,NA,47,Elk4
1685,6735.96,NA,47,Elk4
1724.24,6667.64,NA,47,Elk4
1706,6734.8,NA,47,Elmod2
1685.24,6793.6,NA,47,Elovl4
1768.48,6747.84,NA,47,Elovl4
1982.24,6794.88,NA,47,Elp2
1992.44,6747.92,NA,47,Emc3
1975.68,6695.6,NA,47,Enpp3
1755.32,6818.04,NA,47,Enpp3
1926.08,6814.44,NA,47,Enpp4
1699.28,6760.92,NA,47,Entpd8
1536.12,6754.52,NA,47,Eogt
1837.44,6685.48,NA,47,Ep400
1844.8,6740.36,NA,47,Epha2
1564.6,6853.48,NA,47,Ephx2
1970.52,6817.24,NA,47,Ephx2
1728.12,6796.52,NA,47,Epn1
1651.48,6661.64,NA,47,Epn1
1974.08,6702.56,NA,47,Epn1
1743.64,6781,NA,47,Erbb3
1721.6,6778.28,NA,47,Eri1
1979.28,6796.28,NA,47,Erlec1
1982.44,6675.24,NA,47,Esrp1
1554.6,6948.6,NA,47,Ets1
1550.2,6982.24,NA,47,Evc
1552.6,6951.08,NA,47,Exd1
1829.04,6672.12,NA,47,Exoc1
1749.64,6663.8,NA,47,Exoc1
1848.72,6702.88,NA,47,Exoc3l4
1753.36,6657.28,NA,47,Exosc10
1536.24,6883.44,NA,47,Exosc4
1990.48,6690.88,NA,47,Eya2
1956.68,6823.64,NA,47,Eya4
1669.68,6703.44,NA,47,Ezh1
1776.84,6719.28,NA,47,Faah
1869.16,6875,NA,47,Fam117a
1643.92,6790.36,NA,47,Fam118a
1955.84,6776,NA,47,Fam122b
1660.64,6764.04,NA,47,Fam167a
1838.76,6756.16,NA,47,Fam193a
1937.76,6799.32,NA,47,Fam193a
1680,6768.2,NA,47,Fam196a
1872.52,6710.36,NA,47,Fam198a
1983.4,6716,NA,47,Fam198a
1709.6,6679.16,NA,47,Fam19a2
1824.76,6656.4,NA,47,Fam20b
1949.44,6760.4,NA,47,Fam20c
1547.24,6967.64,NA,47,Fam53a
2010.2,6789.12,NA,47,Fam76a
1772.04,6884.52,NA,47,Fan1
1736.72,6658.12,NA,47,Fastkd2
1993.96,6743.2,NA,47,Fblim1
1953.4,6785.8,NA,47,Fbxl12
1741.16,6778.16,NA,47,Fbxl12
1980.92,6678.64,NA,47,Fbxl18
1880.76,6717.76,NA,47,Fbxo28
1801.92,6687.44,NA,47,Fbxo28
1752.92,6748.04,NA,47,Fbxo41
1890.8,6670.8,NA,47,Fbxo41
1728.28,6752.2,NA,47,Fbxo41
1910.16,6867,NA,47,Fbxo7
1816.88,6672.2,NA,47,Fbxo7
1635.96,6711.76,NA,47,Fbxo7
1582,6753.72,NA,47,Fbxo8
1761.04,6878.32,NA,47,Fcgr1
1577.04,6989,NA,47,Fcgrt
1549.68,6704.08,NA,47,Fcgrt
1569.48,6834.84,NA,47,Fgd2
1986.76,6740.08,NA,47,Fgd2
1548.6,6743.36,NA,47,Fgd3
1754.32,6729.04,NA,47,Fgf15
1731.8,6877.36,NA,47,Fgfr1op
1581.36,7008.36,NA,47,Fgfrl1
1759.28,6839.96,NA,47,Fhod3
1961.24,6824.56,NA,47,Filip1l
1967.76,6820.52,NA,47,Fkbp8
1745.84,6806.12,NA,47,Fkbp8
1822.08,6724.68,NA,47,Fkbp8
1878.04,6731.12,NA,47,Fkbp8
1742.12,6804.84,NA,47,Fkbp8
1715.04,6710.44,NA,47,Flot1
1817.64,6881.04,NA,47,Flt3
1666,6777.56,NA,47,Fmn1
1580.44,7058,NA,47,Fn3krp
1557.56,7010.4,NA,47,Fndc9
1995.04,6693,NA,47,Fntb
1734.28,6798.2,NA,47,Fosb
1660.32,6681.08,NA,47,Foxj2
1810.72,6881.12,NA,47,Foxo3
1873,6735.84,NA,47,Foxo4
1639.48,6751.76,NA,47,Foxred1
1686.76,6710.04,NA,47,Fzd8
1611.2,6715.68,NA,47,Gabbr2
1737.68,6775.96,NA,47,Gabbr2
1696.4,6717.32,NA,47,Gabbr2
1626.2,6738.04,NA,47,Gabra4
1887.28,6735.4,NA,47,Gabrd
1903.48,6768.12,NA,47,Gabrr1
1863.84,6736.04,NA,47,Gad2
1817.12,6681.04,NA,47,Gad2
1639.16,6723.28,NA,47,Galnt16
1665.84,6749.8,NA,47,Gclc
1856.28,6733.8,NA,47,Ggt7
1558.84,7049.44,NA,47,Glb1l
1839.6,6871.6,NA,47,Glb1l
1921.08,6679.4,NA,47,Glipr2
1659.48,6685.6,NA,47,Gls2
1547.68,6740.76,NA,47,Gm10494
1749.12,6670.96,NA,47,Gm17769
1820.8,6816.12,NA,47,Gm2762
1881.24,6714.04,NA,47,Gm2762
1817.8,6810.52,NA,47,Gm2762
1726.24,6756.68,NA,47,Gm4922
1898.52,6812.36,NA,47,Gna11
1777.08,6730.52,NA,47,Gna12
1676.16,6668.08,NA,47,Gnat1
1567.48,6731.24,NA,47,Gnb1l
1668,6776.44,NA,47,Gnb4
1950.6,6756.28,NA,47,Gne
1736.68,6672.12,NA,47,Gng3
1732.68,6726.8,NA,47,Gng3
1783.28,6885.04,NA,47,Gng4
1990.24,6780.88,NA,47,Gnl1
1960.28,6762.2,NA,47,Gnl2
1621.48,6749.52,NA,47,Golga7b
1997.08,6680.4,NA,47,Golm1
1977.96,6762.08,NA,47,Golph3
1764.08,6878.28,NA,47,Gpaa1
2006,6811.04,NA,47,Gpatch4
1699.76,6950,NA,47,Gpc5
1855.76,6672.92,NA,47,Gpc6
1776.8,6879.12,NA,47,Gpc6
1789.04,6781.4,NA,47,Gpr107
1845.36,6701.6,NA,47,Gpr83
1740.92,6783.44,NA,47,Gpr83
1659.28,6962.32,NA,47,Gprc5b
1809.12,6882.4,NA,47,Gprc5b
1640.64,6676.24,NA,47,Gprc5b
1927.64,6789.64,NA,47,Gramd1b
1724.08,6748.68,NA,47,Gramd1c
1672.84,6758.64,NA,47,Grem1
1996.2,6679.04,NA,47,Grin2d
1993.48,6759.88,NA,47,Grin2d
1745.4,6681.92,NA,47,Gstt2
1726.76,6728.48,NA,47,Gstt2
1545.92,6779.04,NA,47,Gucd1
1717.32,6667.24,NA,47,Hap1
2014.32,6811.28,NA,47,Hap1
1891.68,6663,NA,47,Hdac11
1727.96,6738.44,NA,47,Hdac9
1888.4,6836.68,NA,47,Hdac9
1571.28,6733.68,NA,47,Hectd1
1639.56,6712.24,NA,47,Hes2
1790.16,6708.2,NA,47,Hgs
1745,6664.52,NA,47,Hgs
1544.8,6887.24,NA,47,Hhip
1630.24,6765,NA,47,Hip1r
1898.2,6805.72,NA,47,Hip1r
1674.68,6721.4,NA,47,Hip1r
1912,6818.12,NA,47,Hipk1
1731.84,6842.04,NA,47,Hipk3
1632.84,6709.24,NA,47,Hk2
1600.2,6713.48,NA,47,Hmbox1
1996.64,6677.48,NA,47,Hmbox1
1807.24,6770.04,NA,47,Hmgcr
1668.4,6658.04,NA,47,Hnf4g
1908.48,6748.16,NA,47,Hnrnpf
1563.6,7007.72,NA,47,Hnrnpf
1968.92,6781.28,NA,47,Hnrnpl
2001.32,6739.84,NA,47,Homer3
2002.36,6732.8,NA,47,Homer3
1721.24,6715.88,NA,47,Hoxc6
1846,6728.64,NA,47,Hoxc8
1730.68,6663.56,NA,47,Hs1bp3
1744.52,6664.32,NA,47,Hs3st2
1979.68,6720.24,NA,47,Hs3st3a1
1692.96,6752.24,NA,47,Hs3st3a1
1560.4,6855.88,NA,47,Hspbap1
1836.96,6857.52,NA,47,Htr3a
1555,6790.52,NA,47,Htra2
1748.8,6691,NA,47,Htt
1824.12,6717.88,NA,47,Ibsp
1703.28,6693.44,NA,47,Ibtk
1781.52,6879.08,NA,47,Icos
1564,7058.08,NA,47,Ide
1655.84,6656.16,NA,47,Ide
2023.6,6711.68,NA,47,Idh1
1688.08,6687,NA,47,Ids
1679.92,6707.56,NA,47,Ids
1911.92,6813.2,NA,47,Ift80
1855.76,6877.88,NA,47,Igfn1
1894.2,6697.64,NA,47,Igfn1
1969.52,6794.52,NA,47,Igfn1
2008.92,6768.12,NA,47,Igsf11
1710.56,6684,NA,47,Igsf8
1733.36,6670.68,NA,47,Ikbke
1683.56,6756.04,NA,47,Il13ra1
1909.08,6870.64,NA,47,Il17rc
1908.72,6848.72,NA,47,Il1rn
1786.8,6719.12,NA,47,Ildr1
1925.52,6732.92,NA,47,Impact
1660.44,6762.56,NA,47,Incenp
1813.48,6778.6,NA,47,Incenp
1996.84,6745.04,NA,47,Inpp4a
1650.48,6731.68,NA,47,Inpp4a
1823.36,6694.4,NA,47,Inpp4a
1544.88,6904.08,NA,47,Inpp4a
1830.84,6873.48,NA,47,Inpp5f
1973,6693.12,NA,47,Inpp5k
1943.12,6808.04,NA,47,Insm1
1783.84,6715.48,NA,47,Insm1
1850.32,6875.2,NA,47,Ints2
1876.72,6732.24,NA,47,Ipo11
1671.32,6741.44,NA,47,Ipo4
1833.56,6706.84,NA,47,Ipo4
1885.44,6741.08,NA,47,Ipo4
1895.32,6876.44,NA,47,Ipo5
1696.08,6668.44,NA,47,Irak3
1668.36,6679.64,NA,47,Islr
1889.56,6876.44,NA,47,Islr
1667.24,6688.28,NA,47,Islr
1664.04,6681.52,NA,47,Islr
1848.88,6743.72,NA,47,Isoc1
1975.64,6753.6,NA,47,Itga3
1878.24,6773.8,NA,47,Itpripl1
1624.84,6680.96,NA,47,Jmy
1689.32,6757.72,NA,47,Josd1
1553.56,6740.4,NA,47,Kank3
1773.08,6880.8,NA,47,Kansl1
1540.08,6958.16,NA,47,Kansl1
1729.8,6810.96,NA,47,Kcnb1
1901.2,6872.48,NA,47,Kcnd3
1552.4,6764.16,NA,47,Kcnh7
1681.16,6733.12,NA,47,Kcnip3
1732.88,6770.8,NA,47,Kcnip3
1795.52,6713.64,NA,47,Kcnip3
1917.36,6808,NA,47,Kcnj11
1789.8,6686.96,NA,47,Kcnj15
1816.92,6886.04,NA,47,Kcnj3
1963.72,6774.32,NA,47,Kcnj9
1823.56,6881.56,NA,47,Kcns2
1614.84,6958.44,NA,47,Kctd17
1986.96,6679.52,NA,47,Kctd18
2014.08,6688.12,NA,47,Kctd2
2003.24,6808.2,NA,47,Kctd2
1540.36,6721.12,NA,47,Kctd20
1644.24,6764.76,NA,47,Kdm4c
1707,6658.08,NA,47,Kidins220
1548.88,6902.32,NA,47,Kif11
1547.24,6830.28,NA,47,Kif16b
1779.96,6815.28,NA,47,Kif26b
1634.4,6749.24,NA,47,Kif26b
1955.2,6764.12,NA,47,Kif9
1785.84,6688.72,NA,47,Kit
1920.32,6767,NA,47,Klf16
1857.44,6678.96,NA,47,Klf8
1657.52,6729.56,NA,47,Klhl12
1680.6,6730.96,NA,47,Klhl14
1727.52,6756.6,NA,47,Klhl31
1938.76,6844.52,NA,47,Klhl40
1959.72,6826.56,NA,47,Klhl5
1994.32,6743.2,NA,47,Klhl6
1965.08,6801.84,NA,47,Kmt2c
2008.28,6766.24,NA,47,Kmt2d
1607.48,6823.2,NA,47,Kmt2d
1895.2,6711.12,NA,47,Kpna3
1994.32,6705.96,NA,47,Kptn
1552.8,7014.56,NA,47,Kptn
1660.56,6679.6,NA,47,Krt2
1862.36,6735.12,NA,47,Krt71
1987.76,6696.44,NA,47,Krt71
1804.64,6883.92,NA,47,Krt80
1870.84,6875.12,NA,47,Krt82
1943,6819.52,NA,47,Lama2
1749.6,6666.44,NA,47,Lama4
1974.24,6819.08,NA,47,Laptm5
1674.4,6670.4,NA,47,Las1l
1546.36,6972.96,NA,47,Lcat
1980.76,6790.48,NA,47,Lcmt2
1974.28,6678.6,NA,47,Ldoc1l
1646,6665.64,NA,47,Lef1
1743.52,6787.68,NA,47,Lef1
1729.48,6873,NA,47,Leo1
1929.24,6765.44,NA,47,Leo1
1905.12,6833.92,NA,47,Letm1
1870.56,6876.16,NA,47,Letm2
1957.28,6777.48,NA,47,Lgals12
1877.56,6736.2,NA,47,Lhfpl1
1649,6746.16,NA,47,Lhfpl1
1751.72,6730.16,NA,47,Lhfpl4
1663.68,6786.52,NA,47,Lhfpl4
1670.76,6773.56,NA,47,Lifr
1830.84,6675.28,NA,47,Lifr
1783.28,6822.6,NA,47,Lilra5
1886.32,6680.48,NA,47,Lime1
1874.92,6799.36,NA,47,Lime1
1802.08,6726.92,NA,47,Lin9
1964.72,6821.44,NA,47,Lmtk2
1795.16,6688.64,NA,47,Lmtk3
1884.76,6708.92,NA,47,Lonp1
1702.28,6810.6,NA,47,Lpcat3
1665.48,6750.72,NA,47,Lpcat4
1671.08,6665.4,NA,47,Lpcat4
1903.76,6766.32,NA,47,Lrch1
1638.68,6722.6,NA,47,Lrig3
1700.56,6789.12,NA,47,Lrit1
1618.84,6900.48,NA,47,Lrp10
1813.12,6782.96,NA,47,Lrp12
1869.96,6807.6,NA,47,Lrp12
1745.88,6757.32,NA,47,Lrp3
1858.32,6754.92,NA,47,Lrp3
1643.64,6705.96,NA,47,Lrrc15
1828.32,6877.4,NA,47,Lrrc15
1550.44,6829.52,NA,47,Lrrc55
1663.76,6761.04,NA,47,Lrrc8c
1971.12,6784.24,NA,47,Lrrc9
1737.72,6782.36,NA,47,Lsm14b
1776.12,6797.12,NA,47,Ltn1
1584.6,6723.36,NA,47,Luzp2
1575.84,6995.32,NA,47,Lypd3
1732.6,6879.68,NA,47,Lyrm9
1761.28,6745.36,NA,47,Lyrm9
1918.92,6846.88,NA,47,Lzts1
1591.84,6664.32,NA,47,Lzts1
1871.68,6704.8,NA,47,Maged2
1748.8,6736.92,NA,47,Mamdc2
1973.88,6796.84,NA,47,Mamdc2
1684.16,6749.28,NA,47,Man1a2
1972.6,6702.08,NA,47,Man1a2
1797.8,6675,NA,47,Man2c1
1906.44,6869.4,NA,47,Maneal
1880.8,6705.92,NA,47,Maneal
1867.56,6715.52,NA,47,Map10
1823.64,6711.76,NA,47,Map3k2
1950.12,6781.56,NA,47,Map7d1
1726.72,6790.76,NA,47,Map7d1
1873.08,6736.24,NA,47,Map7d1
1902.32,6863.72,NA,47,Mark3
1656.04,6689.6,NA,47,Maz
2004.68,6797.28,NA,47,Maz
1631,6766.32,NA,47,Maz
1691.12,6741.16,NA,47,Maz
1828.96,6876.32,NA,47,Mbd1
1604.24,6802.68,NA,47,Mbnl1
1612.76,6657.92,NA,47,Mbnl1
1940.96,6719.8,NA,47,Mbnl3
1632.64,6749.44,NA,47,Mc3r
1958.88,6822.36,NA,47,Mcm3
1813.16,6770.96,NA,47,Mcmbp
1969.8,6703.68,NA,47,Mcrs1
1890.2,6743.04,NA,47,Mcur1
1639.88,6792.72,NA,47,Med24
1866.68,6877.24,NA,47,Med24
1905.68,6865.52,NA,47,Med25
2001.48,6784.92,NA,47,Meis3
1561.92,7017.72,NA,47,Mettl15
1579.32,7068.2,NA,47,Mex3d
1951.64,6807.64,NA,47,Mfap3l
1853.64,6674.88,NA,47,Mfap3l
1990.92,6782.52,NA,47,Mib1
1884.8,6726.68,NA,47,Mink1
1895.88,6794.04,NA,47,Mlxip
1849.96,6696.6,NA,47,Mlycd
1769.96,6749.48,NA,47,Mmp16
1582.24,7051.24,NA,47,Mmp16
1907.96,6866.76,NA,47,Mmp16
1656.68,6726.76,NA,47,Mmp20
1709.84,6661.84,NA,47,Mnt
1913.88,6822.2,NA,47,Mon2
1958.96,6769.96,NA,47,Morn4
1832.88,6757.36,NA,47,Moxd2
1875.2,6703.88,NA,47,Moxd2
1776.44,6811.76,NA,47,Mpi
1799.44,6756,NA,47,Mpped1
1563.96,7020.16,NA,47,Mpped1
1977.8,6790.4,NA,47,Mpped1
1806.44,6671.44,NA,47,Mpped1
1665.8,6756.36,NA,47,Mpz
1888.32,6687.76,NA,47,Mroh4
1729.48,6834.96,NA,47,Mrps27
1683.36,6730,NA,47,Msx3
1779.56,6739.92,NA,47,Mta2
1841.56,6884.68,NA,47,Mtch2
1660.68,6743.04,NA,47,Mtor
1753.04,6658.96,NA,47,Muc20
1781,6717.52,NA,47,Muc4
2001.68,6806.04,NA,47,Muc4
1622.64,6751.44,NA,47,Muc4
1860.24,6785.08,NA,47,Mxd1
1627.56,6755.8,NA,47,Myo18a
1742.04,6674.6,NA,47,Myo18a
1630.44,6731.08,NA,47,Myo1a
1968.16,6800.68,NA,47,Myo5b
1655.8,6695.08,NA,47,Myo5b
1803.2,6734.6,NA,47,Myoc
2004,6787.44,NA,47,Myom3
1812.32,6875.4,NA,47,Myom3
1733.32,6656.64,NA,47,Myom3
1926.28,6723.16,NA,47,Mypop
1746.04,6747.28,NA,47,Myrfl
1833.96,6873.84,NA,47,Naaa
1617.8,6903.92,NA,47,Nacc2
1876.6,6798.36,NA,47,Nacc2
1754.28,6958.92,NA,47,Nap1l5
1850.56,6732.92,NA,47,Nat10
1837.24,6756,NA,47,Ncor2
1977.72,6690.16,NA,47,Ncstn
1858.48,6735,NA,47,Nedd9
1985.6,6680.72,NA,47,Nelfa
1845.56,6735,NA,47,Nelfcd
1782.32,6682.8,NA,47,Neo1
1821.76,6879.92,NA,47,Nfic
1647.12,6764.12,NA,47,Nfkbie
1693.16,6670.24,NA,47,Nipsnap1
1821.28,6877.24,NA,47,Nkain1
1819.84,6870.16,NA,47,Nktr
1909.28,6862.04,NA,47,Nle1
1561.08,7023.24,NA,47,Nlrp12
1728.84,6789,NA,47,Nlrp12
1573.36,6825.8,NA,47,Nlrp1a
1725,6671.28,NA,47,Nlrp2
1858.32,6707.28,NA,47,Nobox
1716.44,6736.76,NA,47,Noc2l
1790.52,6714.56,NA,47,Noc2l
1537.92,6885.2,NA,47,Noc3l
1833.52,6691.8,NA,47,Nod1
2016.72,6687.68,NA,47,Nod1
1990.44,6743.4,NA,47,Nol11
1984.68,6746.52,NA,47,Nosip
1932.96,6784.88,NA,47,Npas2
1727.36,6672.28,NA,47,Npas4
1913.56,6813.48,NA,47,Npbwr1
1809.6,6727.72,NA,47,Nphp1
1608.12,7058.48,NA,47,Nptxr
1992.2,6744.56,NA,47,Nptxr
1716.48,6744.88,NA,47,Nr5a1
1632.76,6735.48,NA,47,Nrbp1
1595.4,6686.72,NA,47,Nrg2
1703.44,6778.32,NA,47,Nrg4
1831.52,6870.52,NA,47,Nsmaf
1800.28,6668.32,NA,47,Nsun7
1967.12,6718.88,NA,47,Nub1
1822.36,6720.08,NA,47,Nub1
1998.88,6799.68,NA,47,Nudt15
1880.8,6876.24,NA,47,Nudt15
1896.44,6688.24,NA,47,Nufip2
1702.6,6778.88,NA,47,Nup160
1729.6,6666.32,NA,47,Nup188
1536.08,6802.84,NA,47,Nup188
1914.96,6677.8,NA,47,Nus1
1969.76,6694.24,NA,47,Nxph4
1658.96,6704.2,NA,47,Oaz2
1958.52,6792.92,NA,47,Ogfr
1809.84,6748.52,NA,47,Ogfr
1955.52,6794.48,NA,47,Ogfr
1562.76,6887.12,NA,47,Opcml
1898.4,6875.84,NA,47,Osbp2
1603.36,6670.76,NA,47,Osbpl10
1653.76,6680.92,NA,47,Osbpl2
1689.16,6665.36,NA,47,Otop1
1851.52,6741.8,NA,47,Oxsm
1991.36,6751.96,NA,47,Padi4
1847.64,6691.64,NA,47,Padi6
1820.12,6882.12,NA,47,Pah
2011.76,6766.72,NA,47,Pak1
1981.72,6668.44,NA,47,Pak1ip1
1665.44,6744.56,NA,47,Pak1ip1
1732.48,6671.76,NA,47,Panx2
1757.56,6876.2,NA,47,Parp9
1729.52,6756.92,NA,47,Parp9
1990.8,6701.56,NA,47,Patl2
1637.36,6721.36,NA,47,Pcbp1
1860.72,6715.88,NA,47,Pcbp1
1563,6825.24,NA,47,Pcbp4
1976.88,6756.96,NA,47,Pcbp4
2010.16,6804.84,NA,47,Pccb
1999.88,6809.04,NA,47,Pced1a
1747.96,6663.4,NA,47,Pcgf2
1800.84,6738.32,NA,47,Pcgf2
1848.88,6707.88,NA,47,Pcnx
1627.12,6715.04,NA,47,Pcx
2006.52,6794.56,NA,47,Pdcd1
1792.48,6860.24,NA,47,Pdcl
2016.68,6712.92,NA,47,Pdhx
1691.72,6672.96,NA,47,Pds5b
1575.44,6828.08,NA,47,Pdxdc1
1907.44,6663.2,NA,47,Pdxk
1805.96,6732.08,NA,47,Pdxk
1865.64,6742.56,NA,47,Pdzd2
1783,6820.88,NA,47,Pdzd2
1706.64,6678.6,NA,47,Pdzrn4
1739.04,6781.04,NA,47,Pet2
2006.84,6772.8,NA,47,Pex14
1550.52,6722.88,NA,47,Pex19
2002.32,6762.76,NA,47,Pex5
1652.4,6765.48,NA,47,Pfkm
1988.44,6746.48,NA,47,Pfkm
1559.64,7041,NA,47,Pfkm
1626.92,6688.08,NA,47,Pfkm
1572.16,6732.96,NA,47,Pfkm
1750.04,6692.12,NA,47,Pgm2
1823.56,6884.32,NA,47,Phex
1585.36,7066.32,NA,47,Phf11d
1754.32,6801.92,NA,47,Phf2
1796.6,6752.48,NA,47,Phf2
1574.08,6910.04,NA,47,Phf20
1537.76,6778.64,NA,47,Phf20
1692.08,6717.68,NA,47,Phyhip
1693.88,6693.6,NA,47,Phyhip
1962.92,6773.96,NA,47,Pi4kb
1751.12,6709.36,NA,47,Pias4
1880.08,6812.4,NA,47,Pigk
1542.92,6757.84,NA,47,Pigs
1929.28,6710.2,NA,47,Pigs
1667.08,6735.32,NA,47,Pigs
1554.16,6884.24,NA,47,Pigs
1981.44,6699.72,NA,47,Pigs
1834.28,6696.12,NA,47,Pik3c2a
1995.6,6754.96,NA,47,Pik3cb
1743.52,6666.36,NA,47,Pik3r5
1757.08,6656.28,NA,47,Pim2
1929.6,6658,NA,47,Pink1
1898.16,6712.56,NA,47,Pink1
1644.56,6709.2,NA,47,Pip5kl1
1848.56,6875.48,NA,47,Pitx1
1810.72,6886.12,NA,47,Pkd2
1820.08,6882.24,NA,47,Pkmyt1
1561.8,7015.88,NA,47,Pknox2
1875.64,6883.32,NA,47,Pkp1
1617.96,6755.28,NA,47,Pla2g4a
1586.92,6754,NA,47,Plcb2
1840.76,6880.16,NA,47,Plcb4
1661.04,6696.64,NA,47,Plcd1
1824.32,6694.4,NA,47,Plcd3
1852.24,6768.24,NA,47,Plch2
1897.56,6810.68,NA,47,Plek
2011.72,6812.68,NA,47,Plekha1
1766.6,6751.28,NA,47,Plekhf1
1889.36,6882.24,NA,47,Plekhf1
1540.4,6790.6,NA,47,Plekhm2
1662.68,6697.48,NA,47,Plekhm2
1834.2,6674.56,NA,47,Plk5
1824.92,6879.72,NA,47,Plscr2
1901.2,6868.96,NA,47,Plvap
1667.76,6752.52,NA,47,Plxdc2
1860.2,6735.36,NA,47,Plxnc1
1561.2,6822,NA,47,Pml
1903.16,6878.36,NA,47,Pnkp
1729.08,6876.24,NA,47,Pnpo
1775.4,6741.32,NA,47,Pole
1905.28,6718.48,NA,47,Polr3b
2002.08,6808.84,NA,47,Polr3b
1660.8,6703.32,NA,47,Pomk
1687.52,6705.84,NA,47,Popdc3
1986.8,6738.2,NA,47,Pou2f2
2006.92,6726.68,NA,47,Pou3f4
1739.8,6788.96,NA,47,Pou3f4
1564.6,6900.84,NA,47,Ppan
1899.12,6706.64,NA,47,Ppcs
1656.48,6786.04,NA,47,Pphln1
2012.04,6807.32,NA,47,Ppp1ca
1875.12,6709.56,NA,47,Ppp1ca
1748.16,6728.08,NA,47,Ppp1r12c
1558.16,6996.4,NA,47,Ppp1r16a
1899.84,6709.96,NA,47,Ppp1r16a
1823.84,6727.96,NA,47,Ppp1r16a
1647.96,6779.36,NA,47,Ppp1r16b
1772.28,6760.76,NA,47,Ppp2r5d
1775.68,6793.76,NA,47,Ppp2r5d
1944.6,6716.12,NA,47,Ppp5c
1557.32,6856.12,NA,47,Ppp5c
1855.52,6735.84,NA,47,Prdm1
1551.72,6723.92,NA,47,Prdm10
1551.56,6942.64,NA,47,Prdm10
1772.64,6742.28,NA,47,Prf1
1555.24,6906.44,NA,47,Prkacb
1569.48,6995.76,NA,47,Prkacb
1930.32,6732.68,NA,47,Prkcg
1825.44,6717.16,NA,47,Prkcq
1915.88,6837.16,NA,47,Prmt6
1583.44,7052.56,NA,47,Prpf31
1550.52,6817.28,NA,47,Prr12
1843.4,6801.28,NA,47,Prrc2a
2007.52,6810.32,NA,47,Prrc2a
1768.76,6691.72,NA,47,Prrg3
1741.12,6703.48,NA,47,Prss12
1576.4,7044.92,NA,47,Psd2
1540,6779.76,NA,47,Psd2
1539.8,6783,NA,47,Psd2
1748.52,6740.08,NA,47,Psen1
1901.6,6709.96,NA,47,Psg29
1900.2,6693.64,NA,47,Psmd9
1668.32,6798.88,NA,47,Ptgs2
1974.68,6797.68,NA,47,Pth1r
1785.28,6878.76,NA,47,Ptpn20
1770.76,6737.88,NA,47,Ptpn20
1825.6,6731.76,NA,47,Ptpra
1751.28,6725.16,NA,47,Ptprm
1825.36,6711.56,NA,47,Ptprm
1725.48,6854.28,NA,47,Ptprm
1744.16,6669.52,NA,47,Ptprm
1954.24,6745.16,NA,47,Ptx4
1931.24,6701.12,NA,47,Pxn
1853.08,6684,NA,47,Pygo1
1665.68,6743.24,NA,47,Pygo1
1995.6,6677.96,NA,47,Pygo1
1857.96,6675.48,NA,47,Qsox2
1773.12,6883.44,NA,47,Qsox2
1907.48,6770.64,NA,47,Qtrt1
1981.64,6727.44,NA,47,Qtrt1
1897.72,6705.64,NA,47,Rab11fip2
1601.2,6668.56,NA,47,Rab32
1958.36,6804.24,NA,47,Rab37
1893.28,6665.36,NA,47,Rab37
1670.32,6668.68,NA,47,Rab7
1900.2,6876.12,NA,47,Rab7
1571.52,6826.48,NA,47,Rab8b
1772.88,6885.84,NA,47,Rab8b
1552.04,6950.28,NA,47,Rad9a
1668.52,6790.72,NA,47,Ralgapb
1853.08,6743.04,NA,47,Ranbp3l
1857,6678.04,NA,47,Rapgef1
1548,6824,NA,47,Rapsn
1701.4,6777.72,NA,47,Rarb
1918.64,6823,NA,47,Rasal2
1913.36,6852.28,NA,47,Rasgrp3
1635,6709.52,NA,47,Rasgrp4
1657.44,6766.56,NA,47,Rassf2
1622.72,6755.2,NA,47,Rassf2
1584.32,6728,NA,47,Rbbp7
1954.44,6774.84,NA,47,Rbm11
1904.84,6681.72,NA,47,Rbm24
1712.56,6671.96,NA,47,Rbm26
1863.16,6741.8,NA,47,Rbm27
1900.76,6867.88,NA,47,Rbm27
1927.4,6729.92,NA,47,Rbm47
1632.28,6760.2,NA,47,Rbm48
1550.48,6741.6,NA,47,Rbms2
1576.32,6995.4,NA,47,Rdh10
1900.04,6665.24,NA,47,Rdh13
1881.52,6774.64,NA,47,Rev1
1559.32,6988.04,NA,47,Rfng
1790.28,6688.2,NA,47,Rfng
1712.24,6670.88,NA,47,Rfng
1732.12,6808.92,NA,47,Rfng
1663.16,6759.4,NA,47,Rfng
1903.32,6708.76,NA,47,Rfng
1828.2,6879.48,NA,47,Rgma
1689.24,6764.4,NA,47,Rgma
1841,6707.84,NA,47,Rgs12
1557.92,7011.68,NA,47,Rgs12
1552.16,6895.36,NA,47,Rgs12
1709.8,6817.6,NA,47,Rhob
1800.72,6677.16,NA,47,Rhob
1642.12,6756.2,NA,47,Rhoj
1798.36,6734.28,NA,47,Rimbp2
1556,6949.96,NA,47,Ripk4
1549,6955.16,NA,47,Rnasel
1549.12,6734.32,NA,47,Rnasel
1640.56,6740.28,NA,47,Rnf146
1823.84,6692.88,NA,47,Rnf167
1762.2,6877.88,NA,47,Rnf167
1943.32,6722.92,NA,47,Rnf20
1851.04,6797.04,NA,47,Rnf208
1857.44,6719.96,NA,47,Rnf216
1664.32,6744.64,NA,47,Rnf222
1942.12,6656.92,NA,47,Rnf222
1700.08,6659.16,NA,47,Rnh1
1997.28,6773.16,NA,47,Rnpep
1701.76,6755.48,NA,47,Rnpep
1874.2,6710.64,NA,47,Rnpep
1641,6687.88,NA,47,Rorb
1680.44,6703.04,NA,47,Rpa1
1547.44,6841.04,NA,47,Rpl7l1
1794.4,6745.64,NA,47,Rprd1a
1728.04,6797.28,NA,47,Rps6ka5
1636.88,6732.56,NA,47,Rps6kc1
1772.16,6807.2,NA,47,Rps6kc1
1566.44,6853.44,NA,47,Rps6kc1
1715.36,6853.24,NA,47,Rps6kl1
1635.88,6737,NA,47,Rrs1
1586.44,6661.92,NA,47,Rrs1
2008.92,6806.96,NA,47,Rsf1
1695.68,6777.96,NA,47,Rspo3
1576.6,6909.28,NA,47,Rtf1
1822.32,6877.28,NA,47,Rttn
1552.44,6899.44,NA,47,Rundc3a
1850.84,6733.52,NA,47,Rundc3a
1803.36,6801.32,NA,47,Rundc3a
1668.56,6668.8,NA,47,Rundc3a
1645.48,6770.44,NA,47,S1pr4
1691.12,6761.52,NA,47,Saal1
1790.68,6783.72,NA,47,Safb2
2012.56,6807.92,NA,47,Sall1
1543.8,6863.48,NA,47,Sash3
1684.44,6755,NA,47,Sbf1
1892.4,6708.16,NA,47,Scap
1541.32,6802.68,NA,47,Scara3
1603.16,7005.32,NA,47,Scmh1
1728.52,6788.08,NA,47,Scmh1
1696.64,6664.28,NA,47,Scn1a
1625.08,6739.56,NA,47,Sdc3
1719.48,6850.92,NA,47,Sec14l3
1833.6,6868.28,NA,47,Sec14l4
1722.56,6847.36,NA,47,Secisbp2l
2050.28,6675.68,NA,47,Secisbp2l
1911.4,6657.64,NA,47,Sel1l
1845.32,6668.56,NA,47,Sema4d
1784.84,6719.36,NA,47,Sema4f
2005.48,6758.16,NA,47,Sema6a
1945.72,6777.36,NA,47,Sema6b
1902.32,6859.08,NA,47,Sephs1
1972.92,6784.56,NA,47,Serf2
1844.88,6706.48,NA,47,Serpine1
1794.88,6831.6,NA,47,Serpinf2
1830.6,6689.6,NA,47,Serpinf2
1921.6,6846.68,NA,47,Sertad4
1583.96,6807.6,NA,47,Setd1b
1558.6,6965.72,NA,47,Setd1b
1949,6785.92,NA,47,Setdb1
1629.44,6701.36,NA,47,Sf3a2
1973.32,6758.28,NA,47,Sf3a2
1948.36,6761.4,NA,47,Sf3b3
1985.28,6699.28,NA,47,Sf3b3
1544.96,6718,NA,47,Sfi1
1787.64,6884.32,NA,47,Sfi1
1917,6755.44,NA,47,Sh2d5
1915.68,6675.24,NA,47,Sh3bp2
1983.92,6764.48,NA,47,Sh3bp2
1549.36,6745.52,NA,47,Sh3bp4
1725.08,6663.96,NA,47,Sh3bp5l
1628.72,6712,NA,47,Sh3rf3
1637.96,6747.24,NA,47,Sh3rf3
1789.92,6686.32,NA,47,Shank1
1780,6820.4,NA,47,Shank1
1770.16,6782.76,NA,47,Shank1
1537.72,6754.16,NA,47,Shisa2
1847.24,6703.68,NA,47,Shmt2
1737.32,6751.32,NA,47,Shq1
1746.4,6671.16,NA,47,Shroom3
1886.96,6873.28,NA,47,Shroom4
1596.76,6970,NA,47,Sirt2
1705.88,6778.8,NA,47,Sirt4
1954.64,6824.68,NA,47,Sirt4
1730.36,6711.2,NA,47,Skp2
2007.4,6724.16,NA,47,Slc10a6
1850.84,6713.52,NA,47,Slc10a6
1743.52,6664.48,NA,47,Slc12a4
1934.08,6813.32,NA,47,Slc12a9
1572.92,7071.48,NA,47,Slc12a9
1715.88,6672.16,NA,47,Slc12a9
1906.72,6679.4,NA,47,Slc13a1
1837.16,6757.36,NA,47,Slc13a1
1674.64,6753.6,NA,47,Slc15a5
1690.48,6675.92,NA,47,Slc15a5
1662.64,6691,NA,47,Slc16a2
1586.04,6749.48,NA,47,Slc1a7
1722.64,6702.64,NA,47,Slc22a2
1750.8,6693.76,NA,47,Slc23a1
1860.52,6876.44,NA,47,Slc24a3
1655.92,6672.04,NA,47,Slc25a29
1823.36,6691.24,NA,47,Slc25a29
1658.76,6689.92,NA,47,Slc25a47
1659.6,6683.92,NA,47,Slc25a51
1828.84,6876.68,NA,47,Slc2a12
1775.36,6798.6,NA,47,Slc2a8
1791.4,6744.12,NA,47,Slc35e2
1561.56,6859.84,NA,47,Slc35e2
1952.08,6785.6,NA,47,Slc35e3
1625.8,6713.68,NA,47,Slc35f5
1730.24,6836.32,NA,47,Slc36a2
1973.2,6792.2,NA,47,Slc38a5
1620.48,6752.16,NA,47,Slc38a7
1822.2,6872,NA,47,Slc39a10
1656.64,6661.04,NA,47,Slc39a12
1908.72,6868.68,NA,47,Slc39a5
1701,6805.72,NA,47,Slc41a2
1655.52,6781.08,NA,47,Slc45a4
1862.96,6710.04,NA,47,Slc47a1
1855.12,6722.56,NA,47,Slc4a1
1583.52,6749.8,NA,47,Slc52a2
1927.8,6732.52,NA,47,Slc5a6
1911.76,6659.28,NA,47,Slc6a13
1612.08,6721.08,NA,47,Slc6a13
1834.08,6682.2,NA,47,Slc6a4
1659,6700.32,NA,47,Slc6a6
1904.76,6771.92,NA,47,Slc7a14
1556.44,6906.36,NA,47,Slc7a14
1560.52,6748.52,NA,47,Smad6
1899.28,6879.92,NA,47,Smad6
1550.88,6721.12,NA,47,Smarcc1
1875.36,6720.56,NA,47,Smc3
1693.96,6658.36,NA,47,Smc5
1887.32,6875.8,NA,47,Smpd5
1548.28,6917.32,NA,47,Sned1
1869.68,6877.76,NA,47,Snx19
1712.12,6683.04,NA,47,Snx21
1839.04,6708.28,NA,47,Snx4
1662.8,6689.52,NA,47,Soat2
1663.92,6758.92,NA,47,Soga3
1983.56,6685.6,NA,47,Soga3
1565.64,7043.8,NA,47,Sord
1998.28,6656.12,NA,47,Sox12
1538.84,6832.56,NA,47,Sox21
1739.36,6777.2,NA,47,Sox2ot
1998.24,6672.92,NA,47,Sox5
1573.68,6981.36,NA,47,Sox9
1809.28,6837.48,NA,47,Spata13
1841.96,6870.88,NA,47,Spata31
1905.44,6867.08,NA,47,Spata31
2003.72,6759.76,NA,47,Spata31d1d
1693.76,7027.68,NA,47,Specc1
1986.76,6817,NA,47,Sppl2b
1744.52,6701.2,NA,47,Spry4
1932.48,6837.4,NA,47,Spta1
1662.2,6785.96,NA,47,Sptlc1
1889.04,6659.68,NA,47,Srbd1
1575.6,6823.44,NA,47,Srcin1
1995.48,6836.36,NA,47,Srcin1
2004.2,6699.12,NA,47,Srf
1566.56,6895.44,NA,47,Sspn
1723.36,6756.84,NA,47,Sstr4
1682,6734.2,NA,47,Sstr4
1544.68,6838.76,NA,47,St6gal1
1867.72,6876.52,NA,47,Stbd1
1655.2,6744.32,NA,47,Stbd1
2007.4,6766.24,NA,47,Steap3
1974.64,6723.2,NA,47,Stil
1676.16,6727.48,NA,47,Stil
1984.72,6760.4,NA,47,Stim1
1980.28,6814.24,NA,47,Stk38
1556.64,6857.8,NA,47,Stk38
1689.88,6701,NA,47,Stk40
1719.44,6707.56,NA,47,Stoml1
1687,6744,NA,47,Stoml1
1548,6840,NA,47,Strada
1760.2,6758.72,NA,47,Stradb
1850.48,6712.64,NA,47,Strap
1727.44,6729.28,NA,47,Stx16
1730.12,6800.44,NA,47,Stx8
1937.56,6657.12,NA,47,Stxbp1
1781.64,6884.68,NA,47,Stxbp4
1940.96,6702.2,NA,47,Sult4a1
1964.72,6773.16,NA,47,Sult4a1
1909.36,6663.52,NA,47,Sult4a1
1633.32,6763.72,NA,47,Sult6b1
1536.72,6887.04,NA,47,Susd4
1751.12,6821.68,NA,47,Susd4
1845.28,6733.28,NA,47,Susd4
1685.72,6753.68,NA,47,Susd4
2022.48,6719.68,NA,47,Sv2a
1604,6717.96,NA,47,Sv2a
1814.32,6671.52,NA,47,Sv2a
1896.84,6778,NA,47,Sv2a
1825.16,6711.84,NA,47,Sv2a
1642.64,6717.76,NA,47,Sv2a
1974.24,6785.16,NA,47,Swt1
1851.6,6876.64,NA,47,Sync
1874.72,6877.4,NA,47,Syndig1
1750.2,6735.68,NA,47,Synpo
1661.68,6690.6,NA,47,Synpo2
1640.36,6750.68,NA,47,Synpo2l
1849.84,6887.64,NA,47,Syvn1
1561.16,7002.44,NA,47,Taf6
1759.92,6881.56,NA,47,Tbc1d16
1753.44,6659.44,NA,47,Tcam1
1607.48,6711.68,NA,47,Tcam1
1686.4,6656.12,NA,47,Tcerg1l
1908.44,6870.28,NA,47,Tctn1
1780.48,6713.4,NA,47,Tctn1
1845.72,6708.28,NA,47,Tdrkh
1550.84,6716.92,NA,47,Tdrkh
1540.64,6934.84,NA,47,Tdrp
1678.04,6737.24,NA,47,Tecpr1
1561.44,6797.92,NA,47,Tecpr1
1922.64,6853.2,NA,47,Tesk2
1689.2,6734.12,NA,47,Tex15
1822.68,6671.56,NA,47,Tex16
1721.28,6750.04,NA,47,Tex2
1942.04,6658.36,NA,47,Tex2
1938.04,6810.2,NA,47,Tfe3
1850.36,6674.64,NA,47,Tfip11
1786.96,6878.56,NA,47,Tgfa
1680.36,6705.44,NA,47,Th
1994.92,6692.72,NA,47,Th
1751.04,6701.4,NA,47,Thap11
1644.12,6710.56,NA,47,Thbs2
1781.96,6720.76,NA,47,Thbs4
1871.68,6878.28,NA,47,Thrap3
1655.84,6731.52,NA,47,Thsd1
1695.4,6709.6,NA,47,Thsd1
1985.68,6715.2,NA,47,Thsd7b
2011.64,6806.52,NA,47,Tial1
1976.48,6725.2,NA,47,Tial1
1545.52,6782.12,NA,47,Tinf2
1752.28,6746.56,NA,47,Tirap
1848.8,6874.16,NA,47,Tk1
2007.4,6805.16,NA,47,Tk2
1975.16,6716.04,NA,47,Tlr4
1741.84,6716.84,NA,47,Tm4sf1
1734.4,6714.12,NA,47,Tm4sf1
1998.6,6702.92,NA,47,Tmem125
1901.24,6799.28,NA,47,Tmem130
1804.32,6725.04,NA,47,Tmem130
1610.28,6714.72,NA,47,Tmem132b
2017.28,6775.88,NA,47,Tmem132b
1748.48,6691.68,NA,47,Tmem132b
1638.6,6686.52,NA,47,Tmem132b
1977.6,6715.24,NA,47,Tmem132e
1749.24,6731.48,NA,47,Tmem135
1572.08,6840.92,NA,47,Tmem151a
1546.28,6972.36,NA,47,Tmem151a
1550.56,6778.72,NA,47,Tmem151b
1746.28,6810.84,NA,47,Tmem151b
1637.2,6710.32,NA,47,Tmem161a
1890,6843.32,NA,47,Tmem161a
1633.24,6736.76,NA,47,Tmem175
1721.4,6747.72,NA,47,Tmem18
1935.52,6716.52,NA,47,Tmem181a
1744.68,6702.36,NA,47,Tmem206
1619.92,6890.6,NA,47,Tmem229a
1866.08,6730.56,NA,47,Tmem246
1978,6667.52,NA,47,Tmem259
1777.6,6721.84,NA,47,Tmem45a
1645.6,6737.64,NA,47,Tmem45a
1891.24,6844.92,NA,47,Tmem63b
1559.12,7038.88,NA,47,Tmf1
2011.52,6761.24,NA,47,Tmtc3
1675.64,6755.24,NA,47,Tnf
1907.76,6812.24,NA,47,Tnf
1689.84,6811.32,NA,47,Tnfrsf11b
1578.68,7047.36,NA,47,Tnfrsf21
1561.16,7017.32,NA,47,Tnfrsf21
1989.08,6664.92,NA,47,Tnk2
2034,6717.04,NA,47,Tnni3k
1946.56,6742.72,NA,47,Tomm40
1761,6823.32,NA,47,Tomm40
1808.64,6765.36,NA,47,Tomm40
1574.72,6909.32,NA,47,Tomm40l
1897.04,6799.44,NA,47,Topaz1
1890.52,6873.28,NA,47,Topors
1590.96,6660.36,NA,47,Tor2a
1576.84,7008.72,NA,47,Tor2a
1833.88,6876.4,NA,47,Tor2a
1649.2,6766.12,NA,47,Tox4
1983.4,6808.08,NA,47,Tpk1
1734.4,6753.24,NA,47,Trak1
1959.88,6722.92,NA,47,Trak1
1833.88,6689.88,NA,47,Trappc10
1834.04,6876.96,NA,47,Trappc10
1564.64,6727.36,NA,47,Trerf1
1590.96,6658.72,NA,47,Trerf1
1906.76,6877.8,NA,47,Trim17
1658.28,6693.16,NA,47,Trim17
1887.04,6729.2,NA,47,Trim28
1911.88,6735.16,NA,47,Trim28
1876.32,6728.84,NA,47,Trim8
1660.2,6704.08,NA,47,Trim8
1731.28,6876,NA,47,Trip6
1568.16,6993.8,NA,47,Trp53inp2
1562.56,7054.52,NA,47,Trp53inp2
1945.84,6749.64,NA,47,Trpc4ap
1904.36,6664.04,NA,47,Trpv4
1946.16,6785.08,NA,47,Tshz3
1736.56,6664.48,NA,47,Tsix
1732.2,6801.64,NA,47,Tspan2
1919.84,6730.8,NA,47,Tssc1
1705.04,6733.64,NA,47,Ttc7b
1879.6,6876.44,NA,47,Ttc7b
1705.6,6677.6,NA,47,Ttc7b
2009.16,6771.16,NA,47,Ttll1
1744.84,6788.64,NA,47,Ttll4
1561.28,7046.44,NA,47,Ttll5
1637.44,6684.52,NA,47,Ttyh1
1964.24,6799.28,NA,47,Ttyh1
1590.48,6712.92,NA,47,Ttyh1
1991.44,6701.16,NA,47,Tvp23a
1850.96,6878.32,NA,47,Txk
1642.64,6745.72,NA,47,Txndc9
1637.44,6755.04,NA,47,Tyk2
1869.28,6739.88,NA,47,Ubap2l
1561.44,6896.12,NA,47,Ube2i
1903,6679.12,NA,47,Ube2ql1
1800.4,6727.16,NA,47,Ube2ql1
1730.88,6880.4,NA,47,Ubiad1
1885.48,6883.4,NA,47,Ubqln3
1658.64,6697.04,NA,47,Ubtfl1
1692.16,6741.6,NA,47,Ugcg
2014.96,6669.04,NA,47,Unc5a
1781.12,6717.6,NA,47,Unc5b
1869.88,6872.68,NA,47,Ung
1984.04,6722.16,NA,47,Unk
1745.48,6676.16,NA,47,Uqcrc1
1553.84,6996.64,NA,47,Uqcrc1
1622.24,6704.32,NA,47,Uqcrc1
1794.28,6731.16,NA,47,Usf1
1774.24,6713.16,NA,47,Usp11
1539.8,6889.12,NA,47,Usp11
1847.64,6706.84,NA,47,Usp11
1891.2,6667.68,NA,47,Usp14
1719.36,6847.4,NA,47,Usp15
1929.2,6708.88,NA,47,Usp15
1786.4,6673.92,NA,47,Usp16
1809.2,6768.44,NA,47,Usp18
1679.56,6706.08,NA,47,Usp19
2011.84,6760.4,NA,47,Usp19
1771.48,6801.2,NA,47,Usp22
1646.92,6667.64,NA,47,Usp31
1781.64,6747.28,NA,47,Usp31
1552.68,6950.12,NA,47,Usp31
1602.48,6714.56,NA,47,Usp36
1868.36,6875.16,NA,47,Usp46
1752.92,6657.96,NA,47,Usp54
1826.44,6805.52,NA,47,Usp8
1916.52,6712.56,NA,47,Vamp1
1785.44,6791.2,NA,47,Vash1
1745.64,6748.16,NA,47,Vcan
1846,6699.48,NA,47,Vcan
1806.52,6681.72,NA,47,Vcpip1
1923.52,6660.32,NA,47,Vgf
2002.2,6789.4,NA,47,Vill
1714.88,6698.56,NA,47,Vipas39
1543.68,6809.32,NA,47,Vipr1
1537.64,6780.56,NA,47,Vps26a
1876.04,6713.08,NA,47,Vps37b
1988.48,6697.44,NA,47,Vps45
1546.16,6787.08,NA,47,Vsx2
1738.28,6782.64,NA,47,Vwa1
1975.6,6675.08,NA,47,Vwa5b2
1635.88,6747.56,NA,47,Vwa7
1981.56,6657.24,NA,47,Was
1756.84,6742.36,NA,47,Was
1998.72,6780.88,NA,47,Wasf3
1554.72,6956.04,NA,47,Wdr13
2005.88,6811.16,NA,47,Wdr13
1557.52,6858.92,NA,47,Wdr19
1850.88,6881.8,NA,47,Wdr25
1559.2,6999.68,NA,47,Wdr25
1577.52,7068.2,NA,47,Wdr46
1982.68,6723.04,NA,47,Wipf1
1774.84,6741.68,NA,47,Wipf1
1807.68,6880.4,NA,47,Wisp2
1663.12,6766.88,NA,47,Wnt16
1717.12,6773.72,NA,47,Wrb
1545.96,6738.68,NA,47,Wrn
1888.52,6705.6,NA,47,Wwox
1582.72,6737.68,NA,47,Wwox
1897.28,6690.84,NA,47,Xdh
1777.64,6752.32,NA,47,Xkr7
1991.64,6692.56,NA,47,Xpc
1984.76,6718.76,NA,47,Ybey
1794.92,6754.32,NA,47,Ybey
1583.12,7006.48,NA,47,Zbtb38
1933.72,6841.24,NA,47,Zc3h12b
1972.08,6663.44,NA,47,Zc3h13
1827.72,6717.24,NA,47,Zc3h7b
1574.48,6822.52,NA,47,Zc3h7b
1911,6834.6,NA,47,Zdhhc18
1675,6724.28,NA,47,Zfand4
1788.72,6680.68,NA,47,Zfhx2
1957.68,6825.44,NA,47,Zfp106
1552.8,6824.24,NA,47,Zfp148
1778.36,6716.08,NA,47,Zfp202
1824.28,6874.24,NA,47,Zfp26
1956.64,6777.32,NA,47,Zfp341
2029.48,6711.12,NA,47,Zfp341
1975.68,6695.12,NA,47,Zfp352
1831.52,6878.44,NA,47,Zfp367
1758.08,6812.96,NA,47,Zfp418
1839.16,6882.36,NA,47,Zfp474
1713.96,6775.36,NA,47,Zfp513
1989.52,6740.44,NA,47,Zfp536
1929.72,6707.52,NA,47,Zfp608
1973.2,6755.36,NA,47,Zfp61
1681.48,6701.84,NA,47,Zfp623
1869.04,6744.68,NA,47,Zfp689
1703.72,6776.68,NA,47,Zfp704
1729.96,6873.92,NA,47,Zfp707
1701.6,6659.84,NA,47,Zfp719
1871.44,6877.92,NA,47,Zfp760
1887.48,6877.2,NA,47,Zfp773
1881.08,6728.88,NA,47,Zfp865
1589.52,6663.36,NA,47,Zfx
1684.76,6750.92,NA,47,Zfx
1556.04,7007,NA,47,Zic1
1995.64,6681.16,NA,47,Zkscan14
2013.88,6767.68,NA,47,Znhit6
1560,6737.16,NA,47,Zpld1
1973.92,6786.88,NA,47,Zscan2
